CONTRATO,ESTADO,estado_final
379636,,! Pendiente
2504931,,! Pendiente
21586472158647,VISITA NO EFECTIVA,❌ No efectiva
1017687,CERTIFICADO,✅ Cumplidas
102192,CERTIFICADO,✅ Cumplidas
1025252,CERTIFICADO,✅ Cumplidas
1025681,CERTIFICADO,✅ Cumplidas
1026973,CERTIFICADO,✅ Cumplidas
1034634,CERTIFICADO,✅ Cumplidas
1038222,CERTIFICADO,✅ Cumplidas
1041856,CERTIFICADO,✅ Cumplidas
1042973,CERTIFICADO,✅ Cumplidas
10486,CERTIFICADO,✅ Cumplidas
1050963,CERTIFICADO,✅ Cumplidas
1063055,CERTIFICADO,✅ Cumplidas
1063077,CERTIFICADO,✅ Cumplidas
1071270,NO CERTIFICADO,✅ Cumplidas
1071721,VISITA NO EFECTIVA,❌ No efectiva
1076456,VISITA NO EFECTIVA,❌ No efectiva
1080135,CERTIFICADO,✅ Cumplidas
1081949,CERTIFICADO,✅ Cumplidas
1083244,CERTIFICADO,✅ Cumplidas
1083264,CERTIFICADO,✅ Cumplidas
1086631,CERTIFICADO,✅ Cumplidas
1089063,CERTIFICADO,✅ Cumplidas
1094390,CERTIFICADO,✅ Cumplidas
1094851,CERTIFICADO,✅ Cumplidas
1094985,VISITA NO EFECTIVA,❌ No efectiva
1096122,CERTIFICADO,✅ Cumplidas
1096882,CERTIFICADO,✅ Cumplidas
1097321,CERTIFICADO,✅ Cumplidas
1097393,CERTIFICADO,✅ Cumplidas
1104924,CERTIFICADO,✅ Cumplidas
1105456,CERTIFICADO,✅ Cumplidas
1111637,CERTIFICADO,✅ Cumplidas
1112911,CERTIFICADO,✅ Cumplidas
11161,CERTIFICADO,✅ Cumplidas
1117184,CERTIFICADO,✅ Cumplidas
1122042,CERTIFICADO,✅ Cumplidas
1133415,CERTIFICADO,✅ Cumplidas
1144200582,EJECUTADA(cumple),✅ Cumplidas
1159588,CERTIFICADO,✅ Cumplidas
118276,CERTIFICADO,✅ Cumplidas
1182916,CERTIFICADO,✅ Cumplidas
1191952,CERTIFICADO,✅ Cumplidas
1193757,CERTIFICADO,✅ Cumplidas
1195270,VISITA NO EFECTIVA,❌ No efectiva
1197784,CERTIFICADO,✅ Cumplidas
1200054,CERTIFICADO,✅ Cumplidas
1213896,CERTIFICADO,✅ Cumplidas
1215627,CERTIFICADO,✅ Cumplidas
122190,CERTIFICADO,✅ Cumplidas
1223456,CERTIFICADO,✅ Cumplidas
1223904,CERTIFICADO,✅ Cumplidas
1224488,CERTIFICADO,✅ Cumplidas
1226276,NO CERTIFICADO,✅ Cumplidas
1226833,CERTIFICADO,✅ Cumplidas
1227244,NO CERTIFICADO,✅ Cumplidas
122804,VISITA NO EFECTIVA,❌ No efectiva
1229179,CERTIFICADO,✅ Cumplidas
1230277,CERTIFICADO,✅ Cumplidas
1230619,CERTIFICADO,✅ Cumplidas
1231086,CERTIFICADO,✅ Cumplidas
1232611,VISITA NO EFECTIVA,❌ No efectiva
1234540,VISITA NO EFECTIVA,❌ No efectiva
1234902,CERTIFICADO,✅ Cumplidas
1234959,CERTIFICADO,✅ Cumplidas
1236535,VISITA NO EFECTIVA,❌ No efectiva
1237534,NO CERTIFICADO,✅ Cumplidas
1240799,NO CERTIFICADO,✅ Cumplidas
1254514,CERTIFICADO,✅ Cumplidas
1268752,CERTIFICADO,✅ Cumplidas
1283811,CERTIFICADO,✅ Cumplidas
1285775,CERTIFICADO,✅ Cumplidas
1294483,CERTIFICADO,✅ Cumplidas
1296885,CERTIFICADO,✅ Cumplidas
1298503,NO CERTIFICADO,✅ Cumplidas
131916,CERTIFICADO,✅ Cumplidas
1328437,VISITA NO EFECTIVA,❌ No efectiva
1336398,CERTIFICADO,✅ Cumplidas
1336512,CERTIFICADO,✅ Cumplidas
1344727,VISITA NO EFECTIVA,❌ No efectiva
1347604,NO CERTIFICADO,✅ Cumplidas
1347724,CERTIFICADO,✅ Cumplidas
1349820,CERTIFICADO,✅ Cumplidas
1350268,CERTIFICADO,✅ Cumplidas
135097,NO CERTIFICADO,✅ Cumplidas
1351720,CERTIFICADO,✅ Cumplidas
1352282,VISITA NO EFECTIVA,❌ No efectiva
1353250,CERTIFICADO,✅ Cumplidas
1353807,CERTIFICADO,✅ Cumplidas
1354276,CERTIFICADO,✅ Cumplidas
1356428,NO CERTIFICADO,✅ Cumplidas
1356459,NO CERTIFICADO,✅ Cumplidas
1356708,NO CERTIFICADO,✅ Cumplidas
1358149,CERTIFICADO,✅ Cumplidas
1359462,CERTIFICADO,✅ Cumplidas
1359778,VISITA NO EFECTIVA,❌ No efectiva
1361898,CERTIFICADO,✅ Cumplidas
1363813,CERTIFICADO,✅ Cumplidas
1363853,CERTIFICADO,✅ Cumplidas
1364651,VISITA NO EFECTIVA,❌ No efectiva
1364715,CERTIFICADO,✅ Cumplidas
1365985,CERTIFICADO,✅ Cumplidas
137074,CERTIFICADO,✅ Cumplidas
1370795,CERTIFICADO,✅ Cumplidas
1370879,CERTIFICADO,✅ Cumplidas
1372692,CERTIFICADO,✅ Cumplidas
1373577,CERTIFICADO,✅ Cumplidas
1387514,CERTIFICADO,✅ Cumplidas
141293,CERTIFICADO,✅ Cumplidas
1418615,CERTIFICADO,✅ Cumplidas
1430712,CERTIFICADO,✅ Cumplidas
1461096,CERTIFICADO,✅ Cumplidas
1481818,CERTIFICADO,✅ Cumplidas
1554697,VISITA NO EFECTIVA,❌ No efectiva
15586,NO CERTIFICADO,✅ Cumplidas
1662937,CERTIFICADO,✅ Cumplidas
1690570,VISITA NO EFECTIVA,❌ No efectiva
1730159,NO CERTIFICADO,✅ Cumplidas
1757341,CERTIFICADO,✅ Cumplidas
1760885,CERTIFICADO,✅ Cumplidas
1761054,CERTIFICADO,✅ Cumplidas
1761171,CERTIFICADO,✅ Cumplidas
1768171,CERTIFICADO,✅ Cumplidas
17750,CERTIFICADO,✅ Cumplidas
1788228,CERTIFICADO,✅ Cumplidas
1790986,CERTIFICADO,✅ Cumplidas
1791337,VISITA NO EFECTIVA,❌ No efectiva
1802928,CERTIFICADO,✅ Cumplidas
1805538,CERTIFICADO,✅ Cumplidas
1806732,CERTIFICADO,✅ Cumplidas
1815701,CERTIFICADO,✅ Cumplidas
1821198,CERTIFICADO,✅ Cumplidas
1822524,VISITA NO EFECTIVA,❌ No efectiva
1823843,CERTIFICADO,✅ Cumplidas
1823845,CERTIFICADO,✅ Cumplidas
1823849,CERTIFICADO,✅ Cumplidas
1823858,CERTIFICADO,✅ Cumplidas
1823873,CERTIFICADO,✅ Cumplidas
1824211,CERTIFICADO,✅ Cumplidas
1825430,VISITA NO EFECTIVA,❌ No efectiva
1827543,CERTIFICADO,✅ Cumplidas
1827702,CERTIFICADO,✅ Cumplidas
1827907,CERTIFICADO,✅ Cumplidas
1829329,CERTIFICADO,✅ Cumplidas
1837473,CERTIFICADO,✅ Cumplidas
1837860,VISITA NO EFECTIVA,❌ No efectiva
1837881,CERTIFICADO,✅ Cumplidas
1841775,NO CERTIFICADO,✅ Cumplidas
1844018,CERTIFICADO,✅ Cumplidas
1846688,CERTIFICADO,✅ Cumplidas
1846907,CERTIFICADO,✅ Cumplidas
1853710,CERTIFICADO,✅ Cumplidas
1855111,NO CERTIFICADO,✅ Cumplidas
1855133,NO CERTIFICADO,✅ Cumplidas
1857110,CERTIFICADO,✅ Cumplidas
1857648,CERTIFICADO,✅ Cumplidas
1859213,NO CERTIFICADO,✅ Cumplidas
1860103,CERTIFICADO,✅ Cumplidas
1860941,CERTIFICADO,✅ Cumplidas
1862404,CERTIFICADO,✅ Cumplidas
1862508,CERTIFICADO,✅ Cumplidas
1866279,CERTIFICADO,✅ Cumplidas
1866964,CERTIFICADO,✅ Cumplidas
1871107,CERTIFICADO,✅ Cumplidas
1872754,CERTIFICADO,✅ Cumplidas
1873335,CERTIFICADO,✅ Cumplidas
1874120,CERTIFICADO,✅ Cumplidas
1874452,VISITA NO EFECTIVA,❌ No efectiva
1875273,CERTIFICADO,✅ Cumplidas
1875333,NO CERTIFICADO,✅ Cumplidas
1875465,CERTIFICADO,✅ Cumplidas
1877572,CERTIFICADO,✅ Cumplidas
1884182,CERTIFICADO,✅ Cumplidas
1884691,CERTIFICADO,✅ Cumplidas
1897002,CERTIFICADO,✅ Cumplidas
1898518,CERTIFICADO,✅ Cumplidas
1905043,CERTIFICADO,✅ Cumplidas
1914354,CERTIFICADO,✅ Cumplidas
1916352,CERTIFICADO,✅ Cumplidas
1921099,CERTIFICADO,✅ Cumplidas
1924194,CERTIFICADO,✅ Cumplidas
"2,15865E+13",VISITA NO EFECTIVA,❌ No efectiva
203279,CERTIFICADO,✅ Cumplidas
204850,CERTIFICADO,✅ Cumplidas
2066238,NO CERTIFICADO,✅ Cumplidas
207210,CERTIFICADO,✅ Cumplidas
209028,CERTIFICADO,✅ Cumplidas
209459,CERTIFICADO,✅ Cumplidas
209635,CERTIFICADO,✅ Cumplidas
2104560,CERTIFICADO,✅ Cumplidas
2119296,CERTIFICADO,✅ Cumplidas
21602,CERTIFICADO,✅ Cumplidas
218311,NO CERTIFICADO,✅ Cumplidas
218470,NO CERTIFICADO,✅ Cumplidas
218517,CERTIFICADO,✅ Cumplidas
220043,CERTIFICADO,✅ Cumplidas
220370,CERTIFICADO,✅ Cumplidas
220388,NO CERTIFICADO,✅ Cumplidas
222853,CERTIFICADO,✅ Cumplidas
223912,CERTIFICADO,✅ Cumplidas
228562,CERTIFICADO,✅ Cumplidas
2309,CERTIFICADO,✅ Cumplidas
2316446,VISITA NO EFECTIVA,❌ No efectiva
2330239,CERTIFICADO,✅ Cumplidas
234138,CERTIFICADO,✅ Cumplidas
235319,CERTIFICADO,✅ Cumplidas
2401904,CERTIFICADO,✅ Cumplidas
2401958,CERTIFICADO,✅ Cumplidas
2403075,CERTIFICADO,✅ Cumplidas
2403085,CERTIFICADO,✅ Cumplidas
2407228,CERTIFICADO,✅ Cumplidas
242518,CERTIFICADO,✅ Cumplidas
242996,CERTIFICADO,✅ Cumplidas
244483,CERTIFICADO,✅ Cumplidas
245057,CERTIFICADO,✅ Cumplidas
2457131,CERTIFICADO,✅ Cumplidas
2457153,CERTIFICADO,✅ Cumplidas
245933,CERTIFICADO,✅ Cumplidas
2460361,NO CERTIFICADO,✅ Cumplidas
248514,CERTIFICADO,✅ Cumplidas
248725,CERTIFICADO,✅ Cumplidas
2495457,CERTIFICADO,✅ Cumplidas
2495466,CERTIFICADO,✅ Cumplidas
2495473,CERTIFICADO,✅ Cumplidas
2495486,CERTIFICADO,✅ Cumplidas
249686,CERTIFICADO,✅ Cumplidas
2499128,VISITA NO EFECTIVA,❌ No efectiva
2499479,CERTIFICADO,✅ Cumplidas
2506227,CERTIFICADO,✅ Cumplidas
2506303,CERTIFICADO,✅ Cumplidas
2506307,CERTIFICADO,✅ Cumplidas
2506309,CERTIFICADO,✅ Cumplidas
2506324,NO CERTIFICADO,✅ Cumplidas
2506325,CERTIFICADO,✅ Cumplidas
2506326,CERTIFICADO,✅ Cumplidas
2506328,NO CERTIFICADO,✅ Cumplidas
2506329,CERTIFICADO,✅ Cumplidas
2506332,CERTIFICADO,✅ Cumplidas
2506338,CERTIFICADO,✅ Cumplidas
2506341,CERTIFICADO,✅ Cumplidas
2506343,CERTIFICADO,✅ Cumplidas
250916,NO CERTIFICADO,✅ Cumplidas
2511460,CERTIFICADO,✅ Cumplidas
251613,CERTIFICADO,✅ Cumplidas
2517690,CERTIFICADO,✅ Cumplidas
251984,CERTIFICADO,✅ Cumplidas
251999,CERTIFICADO,✅ Cumplidas
252100,CERTIFICADO,✅ Cumplidas
252439,NO CERTIFICADO,✅ Cumplidas
2525241,CERTIFICADO,✅ Cumplidas
2527679,CERTIFICADO,✅ Cumplidas
2529411,CERTIFICADO,✅ Cumplidas
2530421,NO CERTIFICADO,✅ Cumplidas
2533016,CERTIFICADO,✅ Cumplidas
2534691,CERTIFICADO,✅ Cumplidas
2535373,CERTIFICADO,✅ Cumplidas
2536201,CERTIFICADO,✅ Cumplidas
2536726,CERTIFICADO,✅ Cumplidas
2537406,CERTIFICADO,✅ Cumplidas
2537407,CERTIFICADO,✅ Cumplidas
2537555,CERTIFICADO,✅ Cumplidas
253969,CERTIFICADO,✅ Cumplidas
2540131,NO CERTIFICADO,✅ Cumplidas
2541789,VISITA NO EFECTIVA,❌ No efectiva
2543895,VISITA NO EFECTIVA,❌ No efectiva
2543945,CERTIFICADO,✅ Cumplidas
254550,CERTIFICADO,✅ Cumplidas
2546210,VISITA NO EFECTIVA,❌ No efectiva
2546612,CERTIFICADO,✅ Cumplidas
2548381,CERTIFICADO,✅ Cumplidas
2550695,NO CERTIFICADO,✅ Cumplidas
2555284,CERTIFICADO,✅ Cumplidas
2568574,NO CERTIFICADO,✅ Cumplidas
2568984,CERTIFICADO,✅ Cumplidas
257102,NO CERTIFICADO,✅ Cumplidas
2571682,CERTIFICADO,✅ Cumplidas
2573332,CERTIFICADO,✅ Cumplidas
2575948,NO CERTIFICADO,✅ Cumplidas
257629,CERTIFICADO,✅ Cumplidas
2577769,CERTIFICADO,✅ Cumplidas
2583256,CERTIFICADO,✅ Cumplidas
2583462,CERTIFICADO,✅ Cumplidas
2584001,CERTIFICADO,✅ Cumplidas
2584504,CERTIFICADO,✅ Cumplidas
2586723,CERTIFICADO,✅ Cumplidas
2586844,CERTIFICADO,✅ Cumplidas
258741,CERTIFICADO,✅ Cumplidas
2587764,NO CERTIFICADO,✅ Cumplidas
2588728,CERTIFICADO,✅ Cumplidas
259298,CERTIFICADO,✅ Cumplidas
259320,CERTIFICADO,✅ Cumplidas
259353,CERTIFICADO,✅ Cumplidas
259722,CERTIFICADO,✅ Cumplidas
259723,CERTIFICADO,✅ Cumplidas
259766,CERTIFICADO,✅ Cumplidas
260148,CERTIFICADO,✅ Cumplidas
261046,NO CERTIFICADO,✅ Cumplidas
261646,CERTIFICADO,✅ Cumplidas
261647,CERTIFICADO,✅ Cumplidas
261822,CERTIFICADO,✅ Cumplidas
263126,CERTIFICADO,✅ Cumplidas
263388,VISITA NO EFECTIVA,❌ No efectiva
264111,CERTIFICADO,✅ Cumplidas
264846,CERTIFICADO,✅ Cumplidas
264977,CERTIFICADO,✅ Cumplidas
265909,CERTIFICADO,✅ Cumplidas
266315,NO CERTIFICADO,✅ Cumplidas
268318,CERTIFICADO,✅ Cumplidas
268693,CERTIFICADO,✅ Cumplidas
272680,CERTIFICADO,✅ Cumplidas
272910,NO CERTIFICADO,✅ Cumplidas
273037,CERTIFICADO,✅ Cumplidas
273245,NO CERTIFICADO,✅ Cumplidas
273328,CERTIFICADO,✅ Cumplidas
273576,NO CERTIFICADO,✅ Cumplidas
275300,CERTIFICADO,✅ Cumplidas
276047,CERTIFICADO,✅ Cumplidas
277322,CERTIFICADO,✅ Cumplidas
278162,CERTIFICADO,✅ Cumplidas
278204,CERTIFICADO,✅ Cumplidas
278745,CERTIFICADO,✅ Cumplidas
279835,CERTIFICADO,✅ Cumplidas
280218,CERTIFICADO,✅ Cumplidas
281303,CERTIFICADO,✅ Cumplidas
282332,CERTIFICADO,✅ Cumplidas
282727,CERTIFICADO,✅ Cumplidas
283168,VISITA NO EFECTIVA,❌ No efectiva
286751,CERTIFICADO,✅ Cumplidas
286768,CERTIFICADO,✅ Cumplidas
287320,CERTIFICADO,✅ Cumplidas
287501,CERTIFICADO,✅ Cumplidas
287833,CERTIFICADO,✅ Cumplidas
288707,CERTIFICADO,✅ Cumplidas
288716,CERTIFICADO,✅ Cumplidas
289124,CERTIFICADO,✅ Cumplidas
289170,CERTIFICADO,✅ Cumplidas
289211,CERTIFICADO,✅ Cumplidas
289746,CERTIFICADO,✅ Cumplidas
289987,CERTIFICADO,✅ Cumplidas
292168,NO CERTIFICADO,✅ Cumplidas
295482,CERTIFICADO,✅ Cumplidas
2981076,CIERRE ADMINISTRATIVO,! Pendiente
303027,CERTIFICADO,✅ Cumplidas
309507,CERTIFICADO,✅ Cumplidas
310835,CERTIFICADO,✅ Cumplidas
311470,CERTIFICADO,✅ Cumplidas
3117382,CIERRE ADMINISTRATIVO,! Pendiente
3117422,CIERRE ADMINISTRATIVO,! Pendiente
3126789,CERTIFICADO,✅ Cumplidas
3158529,CERTIFICADO,✅ Cumplidas
3167181,CERTIFICADO,✅ Cumplidas
3176088,CERTIFICADO,✅ Cumplidas
3176275,CIERRE ADMINISTRATIVO,! Pendiente
334669,CERTIFICADO,✅ Cumplidas
349164,CERTIFICADO,✅ Cumplidas
35258,CERTIFICADO,✅ Cumplidas
357074,CERTIFICADO,✅ Cumplidas
361047,CERTIFICADO,✅ Cumplidas
361386,CERTIFICADO,✅ Cumplidas
362964,CERTIFICADO,✅ Cumplidas
363595,VISITA NO EFECTIVA,❌ No efectiva
373556,VISITA NO EFECTIVA,❌ No efectiva
37389,VISITA NO EFECTIVA,❌ No efectiva
373908,CERTIFICADO,✅ Cumplidas
375016,VISITA NO EFECTIVA,❌ No efectiva
382604,CERTIFICADO,✅ Cumplidas
387777,NO CERTIFICADO,✅ Cumplidas
390116,CERTIFICADO,✅ Cumplidas
394641,CERTIFICADO,✅ Cumplidas
400308,CERTIFICADO,✅ Cumplidas
404894,CERTIFICADO,✅ Cumplidas
406689,CERTIFICADO,✅ Cumplidas
414588,CERTIFICADO,✅ Cumplidas
417431,CERTIFICADO,✅ Cumplidas
4198,CERTIFICADO,✅ Cumplidas
428911,CERTIFICADO,✅ Cumplidas
430649,CERTIFICADO,✅ Cumplidas
431894,VISITA NO EFECTIVA,❌ No efectiva
433253,CERTIFICADO,✅ Cumplidas
433256,CERTIFICADO,✅ Cumplidas
4371,CERTIFICADO,✅ Cumplidas
446383,CERTIFICADO,✅ Cumplidas
448211,CERTIFICADO,✅ Cumplidas
45118,CERTIFICADO,✅ Cumplidas
458207,CERTIFICADO,✅ Cumplidas
460334,CERTIFICADO,✅ Cumplidas
461236,CERTIFICADO,✅ Cumplidas
462356,CERTIFICADO,✅ Cumplidas
46662,CERTIFICADO,✅ Cumplidas
470135,CERTIFICADO,✅ Cumplidas
471814,CERTIFICADO,✅ Cumplidas
473122,CERTIFICADO,✅ Cumplidas
475267,VISITA NO EFECTIVA,❌ No efectiva
479129,NO CERTIFICADO,✅ Cumplidas
480308,NO CERTIFICADO,✅ Cumplidas
480599,CERTIFICADO,✅ Cumplidas
485050,NO CERTIFICADO,✅ Cumplidas
4861,CERTIFICADO,✅ Cumplidas
486784,VISITA NO EFECTIVA,❌ No efectiva
486801,CERTIFICADO,✅ Cumplidas
488984,VISITA NO EFECTIVA,❌ No efectiva
490253,VISITA NO EFECTIVA,❌ No efectiva
491252,VISITA NO EFECTIVA,❌ No efectiva
492152,CERTIFICADO,✅ Cumplidas
492911,CERTIFICADO,✅ Cumplidas
493506,CERTIFICADO,✅ Cumplidas
493670,CERTIFICADO,✅ Cumplidas
494493,CERTIFICADO,✅ Cumplidas
494546,CERTIFICADO,✅ Cumplidas
495505,VISITA NO EFECTIVA,❌ No efectiva
495872,CERTIFICADO,✅ Cumplidas
495873,CERTIFICADO,✅ Cumplidas
497634,NO CERTIFICADO,✅ Cumplidas
497694,CERTIFICADO,✅ Cumplidas
497696,CERTIFICADO,✅ Cumplidas
498346,NO CERTIFICADO,✅ Cumplidas
498990,CERTIFICADO,✅ Cumplidas
501152,NO CERTIFICADO,✅ Cumplidas
501701,CERTIFICADO,✅ Cumplidas
503227,CERTIFICADO,✅ Cumplidas
503639,CERTIFICADO,✅ Cumplidas
505806,VISITA NO EFECTIVA,❌ No efectiva
505958,CERTIFICADO,✅ Cumplidas
506318,CERTIFICADO,✅ Cumplidas
506327,NO CERTIFICADO,✅ Cumplidas
506334,CERTIFICADO,✅ Cumplidas
506373,CERTIFICADO,✅ Cumplidas
506521,CERTIFICADO,✅ Cumplidas
507061,CERTIFICADO,✅ Cumplidas
507154,VISITA NO EFECTIVA,❌ No efectiva
507637,CERTIFICADO,✅ Cumplidas
507907,CERTIFICADO,✅ Cumplidas
511104,CERTIFICADO,✅ Cumplidas
511343,CERTIFICADO,✅ Cumplidas
513357,CERTIFICADO,✅ Cumplidas
513616,CERTIFICADO,✅ Cumplidas
514242,CERTIFICADO,✅ Cumplidas
514589,CERTIFICADO,✅ Cumplidas
516917,CERTIFICADO,✅ Cumplidas
520410,CERTIFICADO,✅ Cumplidas
520465,NO CERTIFICADO,✅ Cumplidas
524359,CERTIFICADO,✅ Cumplidas
529124,CERTIFICADO,✅ Cumplidas
529166,CERTIFICADO,✅ Cumplidas
530678,VISITA NO EFECTIVA,❌ No efectiva
530720,CERTIFICADO,✅ Cumplidas
534614,CERTIFICADO,✅ Cumplidas
536462,CERTIFICADO,✅ Cumplidas
538710,CERTIFICADO,✅ Cumplidas
539543,CERTIFICADO,✅ Cumplidas
539704,CERTIFICADO,✅ Cumplidas
541179,CERTIFICADO,✅ Cumplidas
546555,CERTIFICADO,✅ Cumplidas
54764,CERTIFICADO,✅ Cumplidas
5516,CERTIFICADO,✅ Cumplidas
5517,CERTIFICADO,✅ Cumplidas
571657,CERTIFICADO,✅ Cumplidas
574984,VISITA NO EFECTIVA,❌ No efectiva
618756,CERTIFICADO,✅ Cumplidas
618761,CERTIFICADO,✅ Cumplidas
619099,CERTIFICADO,✅ Cumplidas
619118,CERTIFICADO,✅ Cumplidas
626303,CERTIFICADO,✅ Cumplidas
631441,CERTIFICADO,✅ Cumplidas
637881,CERTIFICADO,✅ Cumplidas
660864,CERTIFICADO,✅ Cumplidas
662831,NO CERTIFICADO,✅ Cumplidas
662845,VISITA NO EFECTIVA,❌ No efectiva
665077,CERTIFICADO,✅ Cumplidas
667356,CERTIFICADO,✅ Cumplidas
668422,VISITA NO EFECTIVA,❌ No efectiva
672183,CERTIFICADO,✅ Cumplidas
673051,CERTIFICADO,✅ Cumplidas
674192,CERTIFICADO,✅ Cumplidas
674418,CERTIFICADO,✅ Cumplidas
684528,CERTIFICADO,✅ Cumplidas
684765,CERTIFICADO,✅ Cumplidas
688523,CERTIFICADO,✅ Cumplidas
689339,CERTIFICADO,✅ Cumplidas
696705,CERTIFICADO,✅ Cumplidas
698688,VISITA NO EFECTIVA,❌ No efectiva
700148,CERTIFICADO,✅ Cumplidas
700343,CERTIFICADO,✅ Cumplidas
700867,CERTIFICADO,✅ Cumplidas
700949,CERTIFICADO,✅ Cumplidas
701083,CERTIFICADO,✅ Cumplidas
702353,CERTIFICADO,✅ Cumplidas
70396,CERTIFICADO,✅ Cumplidas
704123,CERTIFICADO,✅ Cumplidas
704188,CERTIFICADO,✅ Cumplidas
705356,NO CERTIFICADO,✅ Cumplidas
764143,NO CERTIFICADO,✅ Cumplidas
79225,CERTIFICADO,✅ Cumplidas
850025,VISITA NO EFECTIVA,❌ No efectiva
851828,CERTIFICADO,✅ Cumplidas
854657,CERTIFICADO,✅ Cumplidas
854953,CERTIFICADO,✅ Cumplidas
857886,CERTIFICADO,✅ Cumplidas
858791,CERTIFICADO,✅ Cumplidas
859225,CERTIFICADO,✅ Cumplidas
859755,NO CERTIFICADO,✅ Cumplidas
860054,CERTIFICADO,✅ Cumplidas
862373,VISITA NO EFECTIVA,❌ No efectiva
862962,CERTIFICADO,✅ Cumplidas
863994,NO CERTIFICADO,✅ Cumplidas
864375,CERTIFICADO,✅ Cumplidas
865314,CERTIFICADO,✅ Cumplidas
868168,CERTIFICADO,✅ Cumplidas
869414,CERTIFICADO,✅ Cumplidas
870817,CERTIFICADO,✅ Cumplidas
872207,CERTIFICADO,✅ Cumplidas
873322,CERTIFICADO,✅ Cumplidas
873893,CERTIFICADO,✅ Cumplidas
875352,VISITA NO EFECTIVA,❌ No efectiva
875524,CERTIFICADO,✅ Cumplidas
875546,CERTIFICADO,✅ Cumplidas
877857,CERTIFICADO,✅ Cumplidas
877975,NO CERTIFICADO,✅ Cumplidas
878038,CERTIFICADO,✅ Cumplidas
878080,CERTIFICADO,✅ Cumplidas
878431,CERTIFICADO,✅ Cumplidas
878710,CERTIFICADO,✅ Cumplidas
878956,CERTIFICADO,✅ Cumplidas
880293,CERTIFICADO,✅ Cumplidas
887271,CERTIFICADO,✅ Cumplidas
887284,CERTIFICADO,✅ Cumplidas
8938,VISITA NO EFECTIVA,❌ No efectiva
895945,NO CERTIFICADO,✅ Cumplidas
899075,CERTIFICADO,✅ Cumplidas
90001,CERTIFICADO,✅ Cumplidas
935865,CERTIFICADO,✅ Cumplidas
938418,CERTIFICADO,✅ Cumplidas
939631,CERTIFICADO,✅ Cumplidas
2403158,,! Pendiente
1011893,CERTIFICADO,✅ Cumplidas
1020357,VISITA NO EFECTIVA,❌ No efectiva
1022322,CERTIFICADO,✅ Cumplidas
1025020,CERTIFICADO,✅ Cumplidas
102519,CERTIFICADO,✅ Cumplidas
1026669,CERTIFICADO,✅ Cumplidas
1030269,CERTIFICADO,✅ Cumplidas
1030862,CERTIFICADO,✅ Cumplidas
1032912,CERTIFICADO,✅ Cumplidas
1036797,CERTIFICADO,✅ Cumplidas
1036821,VISITA NO EFECTIVA,❌ No efectiva
1038014,VISITA NO EFECTIVA,❌ No efectiva
10405,CERTIFICADO,✅ Cumplidas
1041521,CERTIFICADO,✅ Cumplidas
1047230,CERTIFICADO,✅ Cumplidas
1048375,CERTIFICADO,✅ Cumplidas
1048907,CERTIFICADO,✅ Cumplidas
1050221,CERTIFICADO,✅ Cumplidas
1051701,VISITA NO EFECTIVA,❌ No efectiva
1051896,NO CERTIFICADO,✅ Cumplidas
1055107,CERTIFICADO,✅ Cumplidas
1057848,VISITA NO EFECTIVA,❌ No efectiva
107364,NO CERTIFICADO,✅ Cumplidas
1073731,VISITA NO EFECTIVA,❌ No efectiva
1081448,CERTIFICADO,✅ Cumplidas
1081466,CERTIFICADO,✅ Cumplidas
1082296,VISITA NO EFECTIVA,❌ No efectiva
1082463,CERTIFICADO,✅ Cumplidas
1085041,CERTIFICADO,✅ Cumplidas
108527,NO CERTIFICADO,✅ Cumplidas
1086919,CERTIFICADO,✅ Cumplidas
1087337,CERTIFICADO,✅ Cumplidas
1087345,NO CERTIFICADO,✅ Cumplidas
1088022,CERTIFICADO,✅ Cumplidas
1088023,VISITA NO EFECTIVA,❌ No efectiva
109023,CERTIFICADO,✅ Cumplidas
1091775,CERTIFICADO,✅ Cumplidas
1093865,CERTIFICADO,✅ Cumplidas
1094875,VISITA NO EFECTIVA,❌ No efectiva
1095927,CERTIFICADO,✅ Cumplidas
1096620,CERTIFICADO,✅ Cumplidas
1097277,CERTIFICADO,✅ Cumplidas
1097785,CERTIFICADO,✅ Cumplidas
1099536,NO CERTIFICADO,✅ Cumplidas
1101935,CERTIFICADO,✅ Cumplidas
1103291,VISITA NO EFECTIVA,❌ No efectiva
1105463,CERTIFICADO,✅ Cumplidas
1106739,VISITA NO EFECTIVA,❌ No efectiva
1107481,VISITA NO EFECTIVA,❌ No efectiva
1110191,NO CERTIFICADO,✅ Cumplidas
1112949,CERTIFICADO,✅ Cumplidas
1115665,VISITA NO EFECTIVA,❌ No efectiva
1117821,CERTIFICADO,✅ Cumplidas
1123038,VISITA NO EFECTIVA,❌ No efectiva
1130889,NO CERTIFICADO,✅ Cumplidas
1132378,NO CERTIFICADO,✅ Cumplidas
1133269,CERTIFICADO,✅ Cumplidas
113806,NO CERTIFICADO,✅ Cumplidas
114200,CERTIFICADO,✅ Cumplidas
1161044,CERTIFICADO,✅ Cumplidas
1165605,CERTIFICADO,✅ Cumplidas
1176053,VISITA NO EFECTIVA,❌ No efectiva
1178537,CERTIFICADO,✅ Cumplidas
1180142,CERTIFICADO,✅ Cumplidas
1194260,CERTIFICADO,✅ Cumplidas
1205734,CERTIFICADO,✅ Cumplidas
1213971,CERTIFICADO,✅ Cumplidas
1217447,CERTIFICADO,✅ Cumplidas
1219456,CERTIFICADO,✅ Cumplidas
1219458,CERTIFICADO,✅ Cumplidas
1220448,NO CERTIFICADO,✅ Cumplidas
1220566,CERTIFICADO,✅ Cumplidas
1221486,VISITA NO EFECTIVA,❌ No efectiva
1222970,NO CERTIFICADO,✅ Cumplidas
1223367,CERTIFICADO,✅ Cumplidas
1225381,CERTIFICADO,✅ Cumplidas
1225575,VISITA NO EFECTIVA,❌ No efectiva
1227343,VISITA NO EFECTIVA,❌ No efectiva
123213,CERTIFICADO,✅ Cumplidas
1233448,CERTIFICADO,✅ Cumplidas
1234203,VISITA NO EFECTIVA,❌ No efectiva
12355,CERTIFICADO,✅ Cumplidas
1235663,VISITA NO EFECTIVA,❌ No efectiva
1236477,CERTIFICADO,✅ Cumplidas
1237570,CERTIFICADO,✅ Cumplidas
1240269,VISITA NO EFECTIVA,❌ No efectiva
1247241,VISITA NO EFECTIVA,❌ No efectiva
1258289,CERTIFICADO,✅ Cumplidas
1268109,CERTIFICADO,✅ Cumplidas
1271395,CERTIFICADO,✅ Cumplidas
12748,CERTIFICADO,✅ Cumplidas
1280061,NO CERTIFICADO,✅ Cumplidas
1295081,VISITA NO EFECTIVA,❌ No efectiva
1312617,CERTIFICADO,✅ Cumplidas
132257,CERTIFICADO,✅ Cumplidas
132348,CERTIFICADO,✅ Cumplidas
1328322,VISITA NO EFECTIVA,❌ No efectiva
1328832,CERTIFICADO,✅ Cumplidas
1348729,VISITA NO EFECTIVA,❌ No efectiva
1348779,VISITA NO EFECTIVA,❌ No efectiva
1349248,VISITA NO EFECTIVA,❌ No efectiva
1349904,CERTIFICADO,✅ Cumplidas
1350234,NO CERTIFICADO,✅ Cumplidas
1351847,CERTIFICADO,✅ Cumplidas
1351955,VISITA NO EFECTIVA,❌ No efectiva
135250,CERTIFICADO,✅ Cumplidas
1352960,CERTIFICADO,✅ Cumplidas
1353609,CERTIFICADO,✅ Cumplidas
1356741,CERTIFICADO,✅ Cumplidas
1358466,VISITA NO EFECTIVA,❌ No efectiva
1358847,CERTIFICADO,✅ Cumplidas
1358998,CERTIFICADO,✅ Cumplidas
1360762,CERTIFICADO,✅ Cumplidas
1360764,CERTIFICADO,✅ Cumplidas
1360774,CERTIFICADO,✅ Cumplidas
1360799,CERTIFICADO,✅ Cumplidas
1364699,VISITA NO EFECTIVA,❌ No efectiva
1364806,VISITA NO EFECTIVA,❌ No efectiva
1368823,CERTIFICADO,✅ Cumplidas
1369958,VISITA NO EFECTIVA,❌ No efectiva
1370295,CERTIFICADO,✅ Cumplidas
1370297,CERTIFICADO,✅ Cumplidas
1372140,CERTIFICADO,✅ Cumplidas
1373892,VISITA NO EFECTIVA,❌ No efectiva
1374238,CERTIFICADO,✅ Cumplidas
1377262,CERTIFICADO,✅ Cumplidas
1383830,CERTIFICADO,✅ Cumplidas
1386725,VISITA NO EFECTIVA,❌ No efectiva
143910,CERTIFICADO,✅ Cumplidas
1483628,CERTIFICADO,✅ Cumplidas
1637497,CERTIFICADO,✅ Cumplidas
1662811,CERTIFICADO,✅ Cumplidas
1667227,CERTIFICADO,✅ Cumplidas
1678203,CERTIFICADO,✅ Cumplidas
1700449,CERTIFICADO,✅ Cumplidas
1705151,NO CERTIFICADO,✅ Cumplidas
1708081,CERTIFICADO,✅ Cumplidas
1717118,CERTIFICADO,✅ Cumplidas
1717203,CERTIFICADO,✅ Cumplidas
1753309,VISITA NO EFECTIVA,❌ No efectiva
1753327,VISITA NO EFECTIVA,❌ No efectiva
1785732,CERTIFICADO,✅ Cumplidas
1803352,CERTIFICADO,✅ Cumplidas
1813690,CERTIFICADO,✅ Cumplidas
1820937,CERTIFICADO,✅ Cumplidas
1822780,NO CERTIFICADO,✅ Cumplidas
1824591,CERTIFICADO,✅ Cumplidas
1826428,CERTIFICADO,✅ Cumplidas
1826440,CERTIFICADO,✅ Cumplidas
1826446,CERTIFICADO,✅ Cumplidas
1827472,CERTIFICADO,✅ Cumplidas
1827524,CERTIFICADO,✅ Cumplidas
1827542,CERTIFICADO,✅ Cumplidas
1828053,CERTIFICADO,✅ Cumplidas
1842043,CERTIFICADO,✅ Cumplidas
1844388,CERTIFICADO,✅ Cumplidas
1844392,CERTIFICADO,✅ Cumplidas
1844478,CERTIFICADO,✅ Cumplidas
1844495,CERTIFICADO,✅ Cumplidas
1844505,CERTIFICADO,✅ Cumplidas
1844525,CERTIFICADO,✅ Cumplidas
1846903,CERTIFICADO,✅ Cumplidas
1847318,CERTIFICADO,✅ Cumplidas
1847625,CERTIFICADO,✅ Cumplidas
1847734,CERTIFICADO,✅ Cumplidas
1852267,CERTIFICADO,✅ Cumplidas
1853100,CERTIFICADO,✅ Cumplidas
1856172,NO CERTIFICADO,✅ Cumplidas
1867599,NO CERTIFICADO,✅ Cumplidas
1869133,CERTIFICADO,✅ Cumplidas
1875861,CERTIFICADO,✅ Cumplidas
1882998,CERTIFICADO,✅ Cumplidas
1885858,VISITA NO EFECTIVA,❌ No efectiva
1891879,CERTIFICADO,✅ Cumplidas
1896944,CERTIFICADO,✅ Cumplidas
1898506,NO CERTIFICADO,✅ Cumplidas
1900904,NO CERTIFICADO,✅ Cumplidas
1901369,CERTIFICADO,✅ Cumplidas
1902105,CERTIFICADO,✅ Cumplidas
1902717,CERTIFICADO,✅ Cumplidas
1902723,CERTIFICADO,✅ Cumplidas
1910373,CERTIFICADO,✅ Cumplidas
1910840,CERTIFICADO,✅ Cumplidas
1910845,CERTIFICADO,✅ Cumplidas
1910848,CERTIFICADO,✅ Cumplidas
1925656,CERTIFICADO,✅ Cumplidas
1927130,CERTIFICADO,✅ Cumplidas
1928475,CERTIFICADO,✅ Cumplidas
19374,CERTIFICADO,✅ Cumplidas
1938943,CERTIFICADO,✅ Cumplidas
1941789,CERTIFICADO,✅ Cumplidas
1962324,CERTIFICADO,✅ Cumplidas
200088,CERTIFICADO,✅ Cumplidas
202461,CERTIFICADO,✅ Cumplidas
202794,CERTIFICADO,✅ Cumplidas
206539,VISITA NO EFECTIVA,❌ No efectiva
206804,CERTIFICADO,✅ Cumplidas
207548,CERTIFICADO,✅ Cumplidas
208858,CERTIFICADO,✅ Cumplidas
2102472,CERTIFICADO,✅ Cumplidas
210586,VISITA NO EFECTIVA,❌ No efectiva
211544,CERTIFICADO,✅ Cumplidas
211707,NO CERTIFICADO,✅ Cumplidas
212037,CERTIFICADO,✅ Cumplidas
213285,CERTIFICADO,✅ Cumplidas
213663,CERTIFICADO,✅ Cumplidas
216587,CERTIFICADO,✅ Cumplidas
221729,CERTIFICADO,✅ Cumplidas
222630,CERTIFICADO,✅ Cumplidas
2228846,CERTIFICADO,✅ Cumplidas
223008,CERTIFICADO,✅ Cumplidas
223768,CERTIFICADO,✅ Cumplidas
2255824,NO CERTIFICADO,✅ Cumplidas
226510,CERTIFICADO,✅ Cumplidas
2268352,NO CERTIFICADO,✅ Cumplidas
2291929,CERTIFICADO,✅ Cumplidas
2292033,NO CERTIFICADO,✅ Cumplidas
2292056,CERTIFICADO,✅ Cumplidas
229862,NO CERTIFICADO,✅ Cumplidas
232157,NO CERTIFICADO,✅ Cumplidas
232829,CERTIFICADO,✅ Cumplidas
235465,CERTIFICADO,✅ Cumplidas
235671,VISITA NO EFECTIVA,❌ No efectiva
236562,CERTIFICADO,✅ Cumplidas
237943,NO CERTIFICADO,✅ Cumplidas
237946,VISITA NO EFECTIVA,❌ No efectiva
237948,VISITA NO EFECTIVA,❌ No efectiva
237985,VISITA NO EFECTIVA,❌ No efectiva
2398951,CERTIFICADO,✅ Cumplidas
240091,CERTIFICADO,✅ Cumplidas
2403044,CERTIFICADO,✅ Cumplidas
2403046,CERTIFICADO,✅ Cumplidas
2418107,VISITA NO EFECTIVA,❌ No efectiva
242830,CERTIFICADO,✅ Cumplidas
243528,CERTIFICADO,✅ Cumplidas
243562,CERTIFICADO,✅ Cumplidas
244453,CERTIFICADO,✅ Cumplidas
245032,CERTIFICADO,✅ Cumplidas
247279,VISITA NO EFECTIVA,❌ No efectiva
247294,VISITA NO EFECTIVA,❌ No efectiva
247843,CERTIFICADO,✅ Cumplidas
2481688,CERTIFICADO,✅ Cumplidas
2489226,CERTIFICADO,✅ Cumplidas
2506358,NO CERTIFICADO,✅ Cumplidas
2506361,CERTIFICADO,✅ Cumplidas
2506362,NO CERTIFICADO,✅ Cumplidas
2506365,CERTIFICADO,✅ Cumplidas
2506394,NO CERTIFICADO,✅ Cumplidas
251431,CERTIFICADO,✅ Cumplidas
2521279,CERTIFICADO,✅ Cumplidas
252472,CERTIFICADO,✅ Cumplidas
2525377,CERTIFICADO,✅ Cumplidas
2526195,CERTIFICADO,✅ Cumplidas
252722,CERTIFICADO,✅ Cumplidas
2529480,CERTIFICADO,✅ Cumplidas
2529825,CERTIFICADO,✅ Cumplidas
2531541,CERTIFICADO,✅ Cumplidas
253435,CERTIFICADO,✅ Cumplidas
2537465,VISITA NO EFECTIVA,❌ No efectiva
2537474,CERTIFICADO,✅ Cumplidas
2537539,CERTIFICADO,✅ Cumplidas
2537645,CERTIFICADO,✅ Cumplidas
2537658,NO CERTIFICADO,✅ Cumplidas
2537659,CERTIFICADO,✅ Cumplidas
2537742,NO CERTIFICADO,✅ Cumplidas
2537749,CERTIFICADO,✅ Cumplidas
2538353,VISITA NO EFECTIVA,❌ No efectiva
2538935,CERTIFICADO,✅ Cumplidas
2540033,CERTIFICADO,✅ Cumplidas
254012,CERTIFICADO,✅ Cumplidas
2541361,CERTIFICADO,✅ Cumplidas
2541441,CERTIFICADO,✅ Cumplidas
2542407,CERTIFICADO,✅ Cumplidas
2546174,NO CERTIFICADO,✅ Cumplidas
2548120,CERTIFICADO,✅ Cumplidas
2549088,CERTIFICADO,✅ Cumplidas
2550966,CERTIFICADO,✅ Cumplidas
2553209,CERTIFICADO,✅ Cumplidas
2555795,CERTIFICADO,✅ Cumplidas
2557270,CERTIFICADO,✅ Cumplidas
2558016,VISITA NO EFECTIVA,❌ No efectiva
2558020,VISITA NO EFECTIVA,❌ No efectiva
2563144,CIERRE ADMINISTRATIVO,! Pendiente
2564019,CERTIFICADO,✅ Cumplidas
2572320,NO CERTIFICADO,✅ Cumplidas
257910,CERTIFICADO,✅ Cumplidas
2579608,CERTIFICADO,✅ Cumplidas
258118,NO CERTIFICADO,✅ Cumplidas
2582586,CERTIFICADO,✅ Cumplidas
258550,CERTIFICADO,✅ Cumplidas
2586685,CERTIFICADO,✅ Cumplidas
2586689,CERTIFICADO,✅ Cumplidas
2586792,CERTIFICADO,✅ Cumplidas
258882,CERTIFICADO,✅ Cumplidas
2589572,NO CERTIFICADO,✅ Cumplidas
2589949,CERTIFICADO,✅ Cumplidas
2590596,CERTIFICADO,✅ Cumplidas
2590828,CERTIFICADO,✅ Cumplidas
259288,CERTIFICADO,✅ Cumplidas
259324,CERTIFICADO,✅ Cumplidas
2597258,CERTIFICADO,✅ Cumplidas
259745,CERTIFICADO,✅ Cumplidas
260032,CERTIFICADO,✅ Cumplidas
2609886,CERTIFICADO,✅ Cumplidas
2619694,CERTIFICADO,✅ Cumplidas
262009,CERTIFICADO,✅ Cumplidas
263047,VISITA NO EFECTIVA,❌ No efectiva
263050,CERTIFICADO,✅ Cumplidas
263057,VISITA NO EFECTIVA,❌ No efectiva
263061,VISITA NO EFECTIVA,❌ No efectiva
263073,CERTIFICADO,✅ Cumplidas
263087,VISITA NO EFECTIVA,❌ No efectiva
263102,VISITA NO EFECTIVA,❌ No efectiva
263103,VISITA NO EFECTIVA,❌ No efectiva
264416,CERTIFICADO,✅ Cumplidas
264726,CERTIFICADO,✅ Cumplidas
264826,CERTIFICADO,✅ Cumplidas
265104,CERTIFICADO,✅ Cumplidas
265901,CERTIFICADO,✅ Cumplidas
266874,CERTIFICADO,✅ Cumplidas
269065,CERTIFICADO,✅ Cumplidas
269214,CERTIFICADO,✅ Cumplidas
2712589,CIERRE ADMINISTRATIVO,! Pendiente
272279,CERTIFICADO,✅ Cumplidas
272323,CERTIFICADO,✅ Cumplidas
272564,CERTIFICADO,✅ Cumplidas
273030,CERTIFICADO,✅ Cumplidas
273031,CERTIFICADO,✅ Cumplidas
273361,CERTIFICADO,✅ Cumplidas
274353,CERTIFICADO,✅ Cumplidas
274354,CERTIFICADO,✅ Cumplidas
277791,CERTIFICADO,✅ Cumplidas
2779,CERTIFICADO,✅ Cumplidas
278934,CERTIFICADO,✅ Cumplidas
279132,CERTIFICADO,✅ Cumplidas
279731,CERTIFICADO,✅ Cumplidas
2837708,CIERRE ADMINISTRATIVO,! Pendiente
284462,CERTIFICADO,✅ Cumplidas
284538,CERTIFICADO,✅ Cumplidas
284800,CERTIFICADO,✅ Cumplidas
286394,CERTIFICADO,✅ Cumplidas
287969,CERTIFICADO,✅ Cumplidas
288713,CERTIFICADO,✅ Cumplidas
288715,CERTIFICADO,✅ Cumplidas
2919512,CIERRE ADMINISTRATIVO,! Pendiente
292952,CERTIFICADO,✅ Cumplidas
2943793,CERTIFICADO,✅ Cumplidas
294813,CERTIFICADO,✅ Cumplidas
296281,CERTIFICADO,✅ Cumplidas
297366,CERTIFICADO,✅ Cumplidas
2997962,CIERRE ADMINISTRATIVO,! Pendiente
300752,CERTIFICADO,✅ Cumplidas
3015337,CIERRE ADMINISTRATIVO,! Pendiente
3015349,CIERRE ADMINISTRATIVO,! Pendiente
3027662,CIERRE ADMINISTRATIVO,! Pendiente
3031546,CIERRE ADMINISTRATIVO,! Pendiente
3033173,CIERRE ADMINISTRATIVO,! Pendiente
3049056,CIERRE ADMINISTRATIVO,! Pendiente
3053951,CIERRE ADMINISTRATIVO,! Pendiente
3062612,CIERRE ADMINISTRATIVO,! Pendiente
3063455,CIERRE ADMINISTRATIVO,! Pendiente
3066016,CIERRE ADMINISTRATIVO,! Pendiente
3072612,CIERRE ADMINISTRATIVO,! Pendiente
3081840,CIERRE ADMINISTRATIVO,! Pendiente
3082953,CIERRE ADMINISTRATIVO,! Pendiente
308569,CERTIFICADO,✅ Cumplidas
3088040,CIERRE ADMINISTRATIVO,! Pendiente
3098804,CIERRE ADMINISTRATIVO,! Pendiente
3112018,CIERRE ADMINISTRATIVO,! Pendiente
3112659,CIERRE ADMINISTRATIVO,! Pendiente
3116600,CIERRE ADMINISTRATIVO,! Pendiente
3117370,CERTIFICADO,✅ Cumplidas
3117371,CERTIFICADO,✅ Cumplidas
3117394,NO CERTIFICADO,✅ Cumplidas
3117421,CERTIFICADO,✅ Cumplidas
3117434,CERTIFICADO,✅ Cumplidas
3122094,VISITA NO EFECTIVA,❌ No efectiva
3125472,CIERRE ADMINISTRATIVO,! Pendiente
3125473,CIERRE ADMINISTRATIVO,! Pendiente
3125483,CIERRE ADMINISTRATIVO,! Pendiente
3125513,CIERRE ADMINISTRATIVO,! Pendiente
3125521,CIERRE ADMINISTRATIVO,! Pendiente
3125524,CIERRE ADMINISTRATIVO,! Pendiente
3125531,CIERRE ADMINISTRATIVO,! Pendiente
3125532,CIERRE ADMINISTRATIVO,! Pendiente
3125533,CIERRE ADMINISTRATIVO,! Pendiente
3125549,CIERRE ADMINISTRATIVO,! Pendiente
3125557,CIERRE ADMINISTRATIVO,! Pendiente
3125560,CIERRE ADMINISTRATIVO,! Pendiente
3125576,CIERRE ADMINISTRATIVO,! Pendiente
3125577,CIERRE ADMINISTRATIVO,! Pendiente
3125596,CIERRE ADMINISTRATIVO,! Pendiente
3125607,CIERRE ADMINISTRATIVO,! Pendiente
3125624,CIERRE ADMINISTRATIVO,! Pendiente
3125625,CIERRE ADMINISTRATIVO,! Pendiente
3125626,CIERRE ADMINISTRATIVO,! Pendiente
3125639,CIERRE ADMINISTRATIVO,! Pendiente
3125642,CIERRE ADMINISTRATIVO,! Pendiente
3127357,CIERRE ADMINISTRATIVO,! Pendiente
312828,CERTIFICADO,✅ Cumplidas
3128721,CIERRE ADMINISTRATIVO,! Pendiente
3131095,CIERRE ADMINISTRATIVO,! Pendiente
3132263,CIERRE ADMINISTRATIVO,! Pendiente
3134307,CIERRE ADMINISTRATIVO,! Pendiente
3141823,CIERRE ADMINISTRATIVO,! Pendiente
3143812,CIERRE ADMINISTRATIVO,! Pendiente
3146414,CIERRE ADMINISTRATIVO,! Pendiente
3146422,CIERRE ADMINISTRATIVO,! Pendiente
3146428,CIERRE ADMINISTRATIVO,! Pendiente
3146473,CERTIFICADO,✅ Cumplidas
3147816,CIERRE ADMINISTRATIVO,! Pendiente
3147820,CIERRE ADMINISTRATIVO,! Pendiente
3147824,CIERRE ADMINISTRATIVO,! Pendiente
3148438,CIERRE ADMINISTRATIVO,! Pendiente
3148805,CERTIFICADO,✅ Cumplidas
3149007,CIERRE ADMINISTRATIVO,! Pendiente
3150199,NO CERTIFICADO,✅ Cumplidas
3150403,CIERRE ADMINISTRATIVO,! Pendiente
3152723,CERTIFICADO,✅ Cumplidas
3153424,CIERRE ADMINISTRATIVO,! Pendiente
3154040,CIERRE ADMINISTRATIVO,! Pendiente
3154637,CIERRE ADMINISTRATIVO,! Pendiente
3154749,CIERRE ADMINISTRATIVO,! Pendiente
3154945,CIERRE ADMINISTRATIVO,! Pendiente
3155291,CIERRE ADMINISTRATIVO,! Pendiente
3155622,CIERRE ADMINISTRATIVO,! Pendiente
3155655,CIERRE ADMINISTRATIVO,! Pendiente
3155928,CIERRE ADMINISTRATIVO,! Pendiente
3155960,CIERRE ADMINISTRATIVO,! Pendiente
3156192,CIERRE ADMINISTRATIVO,! Pendiente
3156352,CIERRE ADMINISTRATIVO,! Pendiente
3158199,CIERRE ADMINISTRATIVO,! Pendiente
3158370,CIERRE ADMINISTRATIVO,! Pendiente
3158533,CIERRE ADMINISTRATIVO,! Pendiente
3159143,CIERRE ADMINISTRATIVO,! Pendiente
3159639,CIERRE ADMINISTRATIVO,! Pendiente
3159691,CIERRE ADMINISTRATIVO,! Pendiente
3160106,CIERRE ADMINISTRATIVO,! Pendiente
3160791,CIERRE ADMINISTRATIVO,! Pendiente
3161079,CIERRE ADMINISTRATIVO,! Pendiente
3161135,CIERRE ADMINISTRATIVO,! Pendiente
3161402,CIERRE ADMINISTRATIVO,! Pendiente
3162320,CIERRE ADMINISTRATIVO,! Pendiente
3162352,CIERRE ADMINISTRATIVO,! Pendiente
3162429,CIERRE ADMINISTRATIVO,! Pendiente
3162433,CIERRE ADMINISTRATIVO,! Pendiente
3163161,CERTIFICADO,✅ Cumplidas
3163933,CERTIFICADO,✅ Cumplidas
3164183,CIERRE ADMINISTRATIVO,! Pendiente
3164192,CIERRE ADMINISTRATIVO,! Pendiente
3164277,CIERRE ADMINISTRATIVO,! Pendiente
3164365,CIERRE ADMINISTRATIVO,! Pendiente
3164381,CIERRE ADMINISTRATIVO,! Pendiente
3164409,CIERRE ADMINISTRATIVO,! Pendiente
3164593,CIERRE ADMINISTRATIVO,! Pendiente
3164795,NO CERTIFICADO,✅ Cumplidas
3164984,CIERRE ADMINISTRATIVO,! Pendiente
3165020,CIERRE ADMINISTRATIVO,! Pendiente
3165540,CIERRE ADMINISTRATIVO,! Pendiente
3165805,CIERRE ADMINISTRATIVO,! Pendiente
3166083,CIERRE ADMINISTRATIVO,! Pendiente
3166356,CIERRE ADMINISTRATIVO,! Pendiente
3166603,CERTIFICADO,✅ Cumplidas
3166648,CIERRE ADMINISTRATIVO,! Pendiente
3166692,CIERRE ADMINISTRATIVO,! Pendiente
3167177,CIERRE ADMINISTRATIVO,! Pendiente
3168288,CIERRE ADMINISTRATIVO,! Pendiente
3168316,CIERRE ADMINISTRATIVO,! Pendiente
3169154,CIERRE ADMINISTRATIVO,! Pendiente
3169327,CIERRE ADMINISTRATIVO,! Pendiente
3169375,CIERRE ADMINISTRATIVO,! Pendiente
3170755,CIERRE ADMINISTRATIVO,! Pendiente
3171316,CIERRE ADMINISTRATIVO,! Pendiente
3171595,NO CERTIFICADO,✅ Cumplidas
3171738,CIERRE ADMINISTRATIVO,! Pendiente
3172280,CERTIFICADO,✅ Cumplidas
3172952,CIERRE ADMINISTRATIVO,! Pendiente
3173031,CIERRE ADMINISTRATIVO,! Pendiente
3173032,CIERRE ADMINISTRATIVO,! Pendiente
3173033,CIERRE ADMINISTRATIVO,! Pendiente
3173034,CIERRE ADMINISTRATIVO,! Pendiente
3173035,CIERRE ADMINISTRATIVO,! Pendiente
3173036,CIERRE ADMINISTRATIVO,! Pendiente
3173037,CIERRE ADMINISTRATIVO,! Pendiente
3173038,CIERRE ADMINISTRATIVO,! Pendiente
3173039,CIERRE ADMINISTRATIVO,! Pendiente
3173190,CIERRE ADMINISTRATIVO,! Pendiente
3173195,CIERRE ADMINISTRATIVO,! Pendiente
3173201,CIERRE ADMINISTRATIVO,! Pendiente
3173202,CIERRE ADMINISTRATIVO,! Pendiente
3173203,CIERRE ADMINISTRATIVO,! Pendiente
3173223,CIERRE ADMINISTRATIVO,! Pendiente
3173272,CIERRE ADMINISTRATIVO,! Pendiente
3173276,CIERRE ADMINISTRATIVO,! Pendiente
3173280,CIERRE ADMINISTRATIVO,! Pendiente
3173364,CIERRE ADMINISTRATIVO,! Pendiente
3173493,CIERRE ADMINISTRATIVO,! Pendiente
3173786,CIERRE ADMINISTRATIVO,! Pendiente
3173989,CIERRE ADMINISTRATIVO,! Pendiente
3174041,CIERRE ADMINISTRATIVO,! Pendiente
3174859,CIERRE ADMINISTRATIVO,! Pendiente
3174879,CIERRE ADMINISTRATIVO,! Pendiente
3175290,CIERRE ADMINISTRATIVO,! Pendiente
3175420,CIERRE ADMINISTRATIVO,! Pendiente
3175432,CIERRE ADMINISTRATIVO,! Pendiente
3175585,CIERRE ADMINISTRATIVO,! Pendiente
3175872,CIERRE ADMINISTRATIVO,! Pendiente
3176060,CIERRE ADMINISTRATIVO,! Pendiente
3176122,CIERRE ADMINISTRATIVO,! Pendiente
3176201,CIERRE ADMINISTRATIVO,! Pendiente
3176259,CERTIFICADO,✅ Cumplidas
3176351,CIERRE ADMINISTRATIVO,! Pendiente
3176456,CIERRE ADMINISTRATIVO,! Pendiente
3176484,CIERRE ADMINISTRATIVO,! Pendiente
3176496,CIERRE ADMINISTRATIVO,! Pendiente
3176540,CIERRE ADMINISTRATIVO,! Pendiente
3176556,CERTIFICADO,✅ Cumplidas
3176668,CIERRE ADMINISTRATIVO,! Pendiente
3176767,CIERRE ADMINISTRATIVO,! Pendiente
3176795,CIERRE ADMINISTRATIVO,! Pendiente
3176823,CIERRE ADMINISTRATIVO,! Pendiente
3176827,CIERRE ADMINISTRATIVO,! Pendiente
3176835,CIERRE ADMINISTRATIVO,! Pendiente
3177004,CIERRE ADMINISTRATIVO,! Pendiente
3177167,CIERRE ADMINISTRATIVO,! Pendiente
3177224,CIERRE ADMINISTRATIVO,! Pendiente
3177241,CIERRE ADMINISTRATIVO,! Pendiente
3177709,CIERRE ADMINISTRATIVO,! Pendiente
3177717,CIERRE ADMINISTRATIVO,! Pendiente
3177777,CIERRE ADMINISTRATIVO,! Pendiente
3177966,CIERRE ADMINISTRATIVO,! Pendiente
3177995,CIERRE ADMINISTRATIVO,! Pendiente
3178062,CIERRE ADMINISTRATIVO,! Pendiente
3178159,CIERRE ADMINISTRATIVO,! Pendiente
3178179,CIERRE ADMINISTRATIVO,! Pendiente
3178311,CIERRE ADMINISTRATIVO,! Pendiente
3178448,CIERRE ADMINISTRATIVO,! Pendiente
3178573,CIERRE ADMINISTRATIVO,! Pendiente
3178581,CIERRE ADMINISTRATIVO,! Pendiente
3178601,CIERRE ADMINISTRATIVO,! Pendiente
3178605,CIERRE ADMINISTRATIVO,! Pendiente
3178615,CIERRE ADMINISTRATIVO,! Pendiente
3178647,CIERRE ADMINISTRATIVO,! Pendiente
3178659,CIERRE ADMINISTRATIVO,! Pendiente
3178691,CIERRE ADMINISTRATIVO,! Pendiente
3178695,CIERRE ADMINISTRATIVO,! Pendiente
3178727,CIERRE ADMINISTRATIVO,! Pendiente
3178751,NO CERTIFICADO,✅ Cumplidas
3178880,CIERRE ADMINISTRATIVO,! Pendiente
3178888,CIERRE ADMINISTRATIVO,! Pendiente
3178981,CIERRE ADMINISTRATIVO,! Pendiente
3179060,CIERRE ADMINISTRATIVO,! Pendiente
3179152,CIERRE ADMINISTRATIVO,! Pendiente
3179283,CIERRE ADMINISTRATIVO,! Pendiente
3179327,CIERRE ADMINISTRATIVO,! Pendiente
3179387,CIERRE ADMINISTRATIVO,! Pendiente
3179483,CIERRE ADMINISTRATIVO,! Pendiente
3179540,CIERRE ADMINISTRATIVO,! Pendiente
3180028,CIERRE ADMINISTRATIVO,! Pendiente
3180063,CIERRE ADMINISTRATIVO,! Pendiente
3180100,CIERRE ADMINISTRATIVO,! Pendiente
3180171,CIERRE ADMINISTRATIVO,! Pendiente
3180183,CIERRE ADMINISTRATIVO,! Pendiente
3180215,CIERRE ADMINISTRATIVO,! Pendiente
3180235,CIERRE ADMINISTRATIVO,! Pendiente
3180361,CIERRE ADMINISTRATIVO,! Pendiente
3180365,CIERRE ADMINISTRATIVO,! Pendiente
3180511,CIERRE ADMINISTRATIVO,! Pendiente
3180646,CIERRE ADMINISTRATIVO,! Pendiente
3180725,CIERRE ADMINISTRATIVO,! Pendiente
3180773,CIERRE ADMINISTRATIVO,! Pendiente
3180793,CIERRE ADMINISTRATIVO,! Pendiente
3180821,VISITA NO EFECTIVA,❌ No efectiva
3181258,CIERRE ADMINISTRATIVO,! Pendiente
3181650,CIERRE ADMINISTRATIVO,! Pendiente
3181761,CIERRE ADMINISTRATIVO,! Pendiente
3181829,CIERRE ADMINISTRATIVO,! Pendiente
3182101,CIERRE ADMINISTRATIVO,! Pendiente
339055,CERTIFICADO,✅ Cumplidas
360796,CERTIFICADO,✅ Cumplidas
367640,NO CERTIFICADO,✅ Cumplidas
367967,VISITA NO EFECTIVA,❌ No efectiva
369176,CERTIFICADO,✅ Cumplidas
369661,VISITA NO EFECTIVA,❌ No efectiva
370887,CERTIFICADO,✅ Cumplidas
3740,CERTIFICADO,✅ Cumplidas
379374,CERTIFICADO,✅ Cumplidas
381424,CERTIFICADO,✅ Cumplidas
383818,VISITA NO EFECTIVA,❌ No efectiva
391160,CERTIFICADO,✅ Cumplidas
391920,NO CERTIFICADO,✅ Cumplidas
395443,CERTIFICADO,✅ Cumplidas
400044,VISITA NO EFECTIVA,❌ No efectiva
405145,CERTIFICADO,✅ Cumplidas
406082,CERTIFICADO,✅ Cumplidas
407353,NO CERTIFICADO,✅ Cumplidas
410784,VISITA NO EFECTIVA,❌ No efectiva
413619,CERTIFICADO,✅ Cumplidas
421901,CERTIFICADO,✅ Cumplidas
426531,VISITA NO EFECTIVA,❌ No efectiva
431731,CERTIFICADO,✅ Cumplidas
432071,NO CERTIFICADO,✅ Cumplidas
454958,VISITA NO EFECTIVA,❌ No efectiva
460336,NO CERTIFICADO,✅ Cumplidas
461374,NO CERTIFICADO,✅ Cumplidas
461377,CERTIFICADO,✅ Cumplidas
461484,CERTIFICADO,✅ Cumplidas
464423,NO CERTIFICADO,✅ Cumplidas
467172,CERTIFICADO,✅ Cumplidas
467207,VISITA NO EFECTIVA,❌ No efectiva
467823,CERTIFICADO,✅ Cumplidas
469242,CERTIFICADO,✅ Cumplidas
469661,CERTIFICADO,✅ Cumplidas
470631,NO CERTIFICADO,✅ Cumplidas
472204,CERTIFICADO,✅ Cumplidas
473569,CERTIFICADO,✅ Cumplidas
473901,CERTIFICADO,✅ Cumplidas
475511,VISITA NO EFECTIVA,❌ No efectiva
476209,CERTIFICADO,✅ Cumplidas
476834,CERTIFICADO,✅ Cumplidas
478803,CERTIFICADO,✅ Cumplidas
478916,CERTIFICADO,✅ Cumplidas
479086,CERTIFICADO,✅ Cumplidas
480047,CERTIFICADO,✅ Cumplidas
480296,CERTIFICADO,✅ Cumplidas
482730,CERTIFICADO,✅ Cumplidas
482876,VISITA NO EFECTIVA,❌ No efectiva
483290,CERTIFICADO,✅ Cumplidas
484085,CERTIFICADO,✅ Cumplidas
485017,VISITA NO EFECTIVA,❌ No efectiva
486240,NO CERTIFICADO,✅ Cumplidas
487755,CERTIFICADO,✅ Cumplidas
488891,CERTIFICADO,✅ Cumplidas
489152,CERTIFICADO,✅ Cumplidas
489244,VISITA NO EFECTIVA,❌ No efectiva
490552,CERTIFICADO,✅ Cumplidas
490553,CERTIFICADO,✅ Cumplidas
493018,CERTIFICADO,✅ Cumplidas
493728,CERTIFICADO,✅ Cumplidas
494575,NO CERTIFICADO,✅ Cumplidas
495245,VISITA NO EFECTIVA,❌ No efectiva
495474,CERTIFICADO,✅ Cumplidas
496380,VISITA NO EFECTIVA,❌ No efectiva
497608,CERTIFICADO,✅ Cumplidas
498155,CERTIFICADO,✅ Cumplidas
499172,NO CERTIFICADO,✅ Cumplidas
499881,NO CERTIFICADO,✅ Cumplidas
500706,CERTIFICADO,✅ Cumplidas
501805,NO CERTIFICADO,✅ Cumplidas
502498,CERTIFICADO,✅ Cumplidas
503020,CERTIFICADO,✅ Cumplidas
503022,CERTIFICADO,✅ Cumplidas
505123,CERTIFICADO,✅ Cumplidas
508599,CERTIFICADO,✅ Cumplidas
508758,CERTIFICADO,✅ Cumplidas
508905,CERTIFICADO,✅ Cumplidas
510720,CERTIFICADO,✅ Cumplidas
511439,CERTIFICADO,✅ Cumplidas
512272,CERTIFICADO,✅ Cumplidas
512749,CERTIFICADO,✅ Cumplidas
513598,CERTIFICADO,✅ Cumplidas
514093,CERTIFICADO,✅ Cumplidas
516116,CERTIFICADO,✅ Cumplidas
516899,CERTIFICADO,✅ Cumplidas
517071,NO CERTIFICADO,✅ Cumplidas
517259,CERTIFICADO,✅ Cumplidas
5182,CERTIFICADO,✅ Cumplidas
519959,CERTIFICADO,✅ Cumplidas
522249,VISITA NO EFECTIVA,❌ No efectiva
523285,CERTIFICADO,✅ Cumplidas
523581,CERTIFICADO,✅ Cumplidas
530414,CERTIFICADO,✅ Cumplidas
53048,CERTIFICADO,✅ Cumplidas
533844,CERTIFICADO,✅ Cumplidas
536970,CERTIFICADO,✅ Cumplidas
540639,CERTIFICADO,✅ Cumplidas
543451,CERTIFICADO,✅ Cumplidas
547331,NO CERTIFICADO,✅ Cumplidas
552099,CERTIFICADO,✅ Cumplidas
55374,NO CERTIFICADO,✅ Cumplidas
57642,NO CERTIFICADO,✅ Cumplidas
590498,NO CERTIFICADO,✅ Cumplidas
603512,CERTIFICADO,✅ Cumplidas
606713,NO CERTIFICADO,✅ Cumplidas
608252,CERTIFICADO,✅ Cumplidas
615438,CERTIFICADO,✅ Cumplidas
616406,CERTIFICADO,✅ Cumplidas
62156,NO CERTIFICADO,✅ Cumplidas
622089,CERTIFICADO,✅ Cumplidas
627320,NO CERTIFICADO,✅ Cumplidas
628470,CERTIFICADO,✅ Cumplidas
63246,NO CERTIFICADO,✅ Cumplidas
637031,CERTIFICADO,✅ Cumplidas
637396,VISITA NO EFECTIVA,❌ No efectiva
637606,CERTIFICADO,✅ Cumplidas
638411,VISITA NO EFECTIVA,❌ No efectiva
644938,CERTIFICADO,✅ Cumplidas
648310,CERTIFICADO,✅ Cumplidas
648868,CERTIFICADO,✅ Cumplidas
659688,CERTIFICADO,✅ Cumplidas
662270,CERTIFICADO,✅ Cumplidas
663659,CERTIFICADO,✅ Cumplidas
665242,VISITA NO EFECTIVA,❌ No efectiva
667157,CERTIFICADO,✅ Cumplidas
672556,CERTIFICADO,✅ Cumplidas
675171,VISITA NO EFECTIVA,❌ No efectiva
676594,CERTIFICADO,✅ Cumplidas
677797,CERTIFICADO,✅ Cumplidas
678353,CERTIFICADO,✅ Cumplidas
679348,VISITA NO EFECTIVA,❌ No efectiva
680264,CERTIFICADO,✅ Cumplidas
686746,CERTIFICADO,✅ Cumplidas
689431,CERTIFICADO,✅ Cumplidas
689867,NO CERTIFICADO,✅ Cumplidas
693426,VISITA NO EFECTIVA,❌ No efectiva
693428,CERTIFICADO,✅ Cumplidas
695522,CERTIFICADO,✅ Cumplidas
696368,CERTIFICADO,✅ Cumplidas
699785,CERTIFICADO,✅ Cumplidas
70220,CERTIFICADO,✅ Cumplidas
706922,CERTIFICADO,✅ Cumplidas
709200,CERTIFICADO,✅ Cumplidas
709485,CERTIFICADO,✅ Cumplidas
709783,NO CERTIFICADO,✅ Cumplidas
72566,CERTIFICADO,✅ Cumplidas
74877,CERTIFICADO,✅ Cumplidas
75514,CERTIFICADO,✅ Cumplidas
850051,CERTIFICADO,✅ Cumplidas
851438,CERTIFICADO,✅ Cumplidas
852978,VISITA NO EFECTIVA,❌ No efectiva
853014,CERTIFICADO,✅ Cumplidas
853366,CERTIFICADO,✅ Cumplidas
853433,VISITA NO EFECTIVA,❌ No efectiva
854181,CERTIFICADO,✅ Cumplidas
854346,CERTIFICADO,✅ Cumplidas
854927,NO CERTIFICADO,✅ Cumplidas
855546,CERTIFICADO,✅ Cumplidas
856195,NO CERTIFICADO,✅ Cumplidas
856973,CERTIFICADO,✅ Cumplidas
857003,CERTIFICADO,✅ Cumplidas
857293,CERTIFICADO,✅ Cumplidas
857762,CERTIFICADO,✅ Cumplidas
858284,CERTIFICADO,✅ Cumplidas
859906,VISITA NO EFECTIVA,❌ No efectiva
860987,CERTIFICADO,✅ Cumplidas
861368,CERTIFICADO,✅ Cumplidas
861371,CERTIFICADO,✅ Cumplidas
861374,CERTIFICADO,✅ Cumplidas
861481,CERTIFICADO,✅ Cumplidas
864355,VISITA NO EFECTIVA,❌ No efectiva
864988,CERTIFICADO,✅ Cumplidas
865413,VISITA NO EFECTIVA,❌ No efectiva
866393,CERTIFICADO,✅ Cumplidas
866539,CERTIFICADO,✅ Cumplidas
868375,NO CERTIFICADO,✅ Cumplidas
869497,CERTIFICADO,✅ Cumplidas
870222,CERTIFICADO,✅ Cumplidas
870810,NO CERTIFICADO,✅ Cumplidas
872211,CERTIFICADO,✅ Cumplidas
876948,CERTIFICADO,✅ Cumplidas
883040,CERTIFICADO,✅ Cumplidas
884806,CERTIFICADO,✅ Cumplidas
884807,CERTIFICADO,✅ Cumplidas
888593,CERTIFICADO,✅ Cumplidas
893419,CERTIFICADO,✅ Cumplidas
893797,CERTIFICADO,✅ Cumplidas
903570,VISITA NO EFECTIVA,❌ No efectiva
904312,VISITA NO EFECTIVA,❌ No efectiva
905120,CERTIFICADO,✅ Cumplidas
919941,NO CERTIFICADO,✅ Cumplidas
95001,VISITA NO EFECTIVA,❌ No efectiva
962897,CERTIFICADO,✅ Cumplidas
99846,VISITA NO EFECTIVA,❌ No efectiva
264634,CERTIFICADO,✅ Cumplidas
1012764,CERTIFICADO,✅ Cumplidas
1017365,CERTIFICADO,✅ Cumplidas
1023913,CERTIFICADO,✅ Cumplidas
1025808,CERTIFICADO,✅ Cumplidas
1026964,CERTIFICADO,✅ Cumplidas
1027119,NO CERTIFICADO,✅ Cumplidas
1031934,CERTIFICADO,✅ Cumplidas
1032015,CERTIFICADO,✅ Cumplidas
1036602368,EJECUTADA(cumple),✅ Cumplidas
1036636,VISITA NO EFECTIVA,❌ No efectiva
1043838,CERTIFICADO,✅ Cumplidas
1047361,CERTIFICADO,✅ Cumplidas
1049376,VISITA NO EFECTIVA,❌ No efectiva
1069714,CERTIFICADO,✅ Cumplidas
1078636,VISITA NO EFECTIVA,❌ No efectiva
1078842,CERTIFICADO,✅ Cumplidas
1081510,VISITA NO EFECTIVA,❌ No efectiva
1082519,CERTIFICADO,✅ Cumplidas
1083247,CERTIFICADO,✅ Cumplidas
1088711,VISITA NO EFECTIVA,❌ No efectiva
1089117,CERTIFICADO,✅ Cumplidas
1090764,VISITA NO EFECTIVA,❌ No efectiva
1091380,CERTIFICADO,✅ Cumplidas
1091560,CERTIFICADO,✅ Cumplidas
1091783,CERTIFICADO,✅ Cumplidas
1095976,VISITA NO EFECTIVA,❌ No efectiva
1096896,CERTIFICADO,✅ Cumplidas
1099995,VISITA NO EFECTIVA,❌ No efectiva
1103502,VISITA NO EFECTIVA,❌ No efectiva
1104740,CERTIFICADO,✅ Cumplidas
1104841,CERTIFICADO,✅ Cumplidas
1109643,CERTIFICADO,✅ Cumplidas
1111226,NO CERTIFICADO,✅ Cumplidas
1112098991,EJECUTADA(cumple),✅ Cumplidas
1114887,NO CERTIFICADO,✅ Cumplidas
1115048,VISITA NO EFECTIVA,❌ No efectiva
1116253420,EJECUTADA(cumple),✅ Cumplidas
1117406,CERTIFICADO,✅ Cumplidas
1117895,NO CERTIFICADO,✅ Cumplidas
1118019,CERTIFICADO,✅ Cumplidas
1120294,CERTIFICADO,✅ Cumplidas
1128225,CERTIFICADO,✅ Cumplidas
1128956,VISITA NO EFECTIVA,❌ No efectiva
1134279,NO CERTIFICADO,✅ Cumplidas
113876,CERTIFICADO,✅ Cumplidas
1147166,VISITA NO EFECTIVA,❌ No efectiva
116352,NO CERTIFICADO,✅ Cumplidas
1165671,CERTIFICADO,✅ Cumplidas
1188762,NO CERTIFICADO,✅ Cumplidas
1200112,CERTIFICADO,✅ Cumplidas
1208659,VISITA NO EFECTIVA,❌ No efectiva
1212616,CERTIFICADO,✅ Cumplidas
1215675,NO CERTIFICADO,✅ Cumplidas
12165,CERTIFICADO,✅ Cumplidas
1216793,VISITA NO EFECTIVA,❌ No efectiva
1217028,CERTIFICADO,✅ Cumplidas
1220450,CERTIFICADO,✅ Cumplidas
1220453,NO CERTIFICADO,✅ Cumplidas
1222807,VISITA NO EFECTIVA,❌ No efectiva
1222978,CERTIFICADO,✅ Cumplidas
1223275,NO CERTIFICADO,✅ Cumplidas
1224101,CERTIFICADO,✅ Cumplidas
122442,VISITA NO EFECTIVA,❌ No efectiva
1225229,CERTIFICADO,✅ Cumplidas
1227044,,! Pendiente
1228454,VISITA NO EFECTIVA,❌ No efectiva
1229289,CERTIFICADO,✅ Cumplidas
1229517,CERTIFICADO,✅ Cumplidas
1229518,CERTIFICADO,✅ Cumplidas
1230585,CERTIFICADO,✅ Cumplidas
1231282,VISITA NO EFECTIVA,❌ No efectiva
1235169,CERTIFICADO,✅ Cumplidas
1238048,VISITA NO EFECTIVA,❌ No efectiva
1238488,CERTIFICADO,✅ Cumplidas
1238773,CERTIFICADO,✅ Cumplidas
1241050,VISITA NO EFECTIVA,❌ No efectiva
1244067,CERTIFICADO,✅ Cumplidas
1244525,NO CERTIFICADO,✅ Cumplidas
1245118,CERTIFICADO,✅ Cumplidas
1286304,VISITA NO EFECTIVA,❌ No efectiva
1286610,CERTIFICADO,✅ Cumplidas
1288677,VISITA NO EFECTIVA,❌ No efectiva
130119,CERTIFICADO,✅ Cumplidas
1305081,CERTIFICADO,✅ Cumplidas
1305637,CERTIFICADO,✅ Cumplidas
1321109,VISITA NO EFECTIVA,❌ No efectiva
1327586,CERTIFICADO,✅ Cumplidas
1333288,VISITA NO EFECTIVA,❌ No efectiva
1334357,CERTIFICADO,✅ Cumplidas
1343162,CERTIFICADO,✅ Cumplidas
1347161,CERTIFICADO,✅ Cumplidas
1348390,CERTIFICADO,✅ Cumplidas
1350291,CERTIFICADO,✅ Cumplidas
1351903,CERTIFICADO,✅ Cumplidas
1352574,VISITA NO EFECTIVA,❌ No efectiva
1352713,NO CERTIFICADO,✅ Cumplidas
1352995,CERTIFICADO,✅ Cumplidas
1355766,VISITA NO EFECTIVA,❌ No efectiva
1357929,CERTIFICADO,✅ Cumplidas
1359394,VISITA NO EFECTIVA,❌ No efectiva
1359613,CERTIFICADO,✅ Cumplidas
1359897,NO CERTIFICADO,✅ Cumplidas
1361837,VISITA NO EFECTIVA,❌ No efectiva
1363146,VISITA NO EFECTIVA,❌ No efectiva
1365540,CERTIFICADO,✅ Cumplidas
1369579,CERTIFICADO,✅ Cumplidas
1370153,NO CERTIFICADO,✅ Cumplidas
1374794,CERTIFICADO,✅ Cumplidas
1378402,,! Pendiente
138835,VISITA NO EFECTIVA,❌ No efectiva
139359,CERTIFICADO,✅ Cumplidas
140015,VISITA NO EFECTIVA,❌ No efectiva
141218,CERTIFICADO,✅ Cumplidas
141288,CERTIFICADO,✅ Cumplidas
142576,NO CERTIFICADO,✅ Cumplidas
14377,VISITA NO EFECTIVA,❌ No efectiva
144037,CERTIFICADO,✅ Cumplidas
14740,CERTIFICADO,✅ Cumplidas
1507679,CERTIFICADO,✅ Cumplidas
1660915,NO CERTIFICADO,✅ Cumplidas
1669822,CERTIFICADO,✅ Cumplidas
1673537,VISITA NO EFECTIVA,❌ No efectiva
1678102,CERTIFICADO,✅ Cumplidas
1678517,CERTIFICADO,✅ Cumplidas
1686446,VISITA NO EFECTIVA,❌ No efectiva
1693188,VISITA NO EFECTIVA,❌ No efectiva
1697109,CERTIFICADO,✅ Cumplidas
1705089,NO CERTIFICADO,✅ Cumplidas
1705153,CERTIFICADO,✅ Cumplidas
1705281,NO CERTIFICADO,✅ Cumplidas
1732267,CERTIFICADO,✅ Cumplidas
1745809,CERTIFICADO,✅ Cumplidas
1761582,CERTIFICADO,✅ Cumplidas
1770307,CERTIFICADO,✅ Cumplidas
1774462,CERTIFICADO,✅ Cumplidas
1782893,CERTIFICADO,✅ Cumplidas
1785163,CERTIFICADO,✅ Cumplidas
1785256,NO CERTIFICADO,✅ Cumplidas
1786172,CERTIFICADO,✅ Cumplidas
1793056,CERTIFICADO,✅ Cumplidas
1794197,CERTIFICADO,✅ Cumplidas
1794624,NO CERTIFICADO,✅ Cumplidas
1795874,CERTIFICADO,✅ Cumplidas
1803239,CERTIFICADO,✅ Cumplidas
1811081,CERTIFICADO,✅ Cumplidas
1811173,NO CERTIFICADO,✅ Cumplidas
1812546,VISITA NO EFECTIVA,❌ No efectiva
1815507,NO CERTIFICADO,✅ Cumplidas
1823393,CERTIFICADO,✅ Cumplidas
1823850,CERTIFICADO,✅ Cumplidas
1823861,CERTIFICADO,✅ Cumplidas
1823882,CERTIFICADO,✅ Cumplidas
1823885,CERTIFICADO,✅ Cumplidas
1823933,CERTIFICADO,✅ Cumplidas
1823992,NO CERTIFICADO,✅ Cumplidas
1824003,VISITA NO EFECTIVA,❌ No efectiva
1825489,CERTIFICADO,✅ Cumplidas
1827145,CERTIFICADO,✅ Cumplidas
1828620,CERTIFICADO,✅ Cumplidas
1830426,CERTIFICADO,✅ Cumplidas
1831796,CERTIFICADO,✅ Cumplidas
1833830,CERTIFICADO,✅ Cumplidas
1839579,NO CERTIFICADO,✅ Cumplidas
1841048,CERTIFICADO,✅ Cumplidas
1841280,CERTIFICADO,✅ Cumplidas
1841777,CERTIFICADO,✅ Cumplidas
1844397,NO CERTIFICADO,✅ Cumplidas
1844490,CERTIFICADO,✅ Cumplidas
1844510,NO CERTIFICADO,✅ Cumplidas
1850834,CERTIFICADO,✅ Cumplidas
1854509,CERTIFICADO,✅ Cumplidas
1856963,CERTIFICADO,✅ Cumplidas
1862763,CERTIFICADO,✅ Cumplidas
1862850,CERTIFICADO,✅ Cumplidas
1886380,CERTIFICADO,✅ Cumplidas
1888218,CERTIFICADO,✅ Cumplidas
1888772,NO CERTIFICADO,✅ Cumplidas
1889819,CERTIFICADO,✅ Cumplidas
1891459,CERTIFICADO,✅ Cumplidas
1892777,NO CERTIFICADO,✅ Cumplidas
1895068,CERTIFICADO,✅ Cumplidas
1903205,CERTIFICADO,✅ Cumplidas
1905174,NO CERTIFICADO,✅ Cumplidas
1905270,CERTIFICADO,✅ Cumplidas
1905332,CERTIFICADO,✅ Cumplidas
1908882,CERTIFICADO,✅ Cumplidas
1909586,CERTIFICADO,✅ Cumplidas
1910308,CERTIFICADO,✅ Cumplidas
1911162,VISITA NO EFECTIVA,❌ No efectiva
1912459,CERTIFICADO,✅ Cumplidas
1912614,VISITA NO EFECTIVA,❌ No efectiva
1964218,CERTIFICADO,✅ Cumplidas
200656,CERTIFICADO,✅ Cumplidas
203287,VISITA NO EFECTIVA,❌ No efectiva
208241,CERTIFICADO,✅ Cumplidas
208834,CERTIFICADO,✅ Cumplidas
2089761,CERTIFICADO,✅ Cumplidas
209666,CERTIFICADO,✅ Cumplidas
211252,CERTIFICADO,✅ Cumplidas
213351,CERTIFICADO,✅ Cumplidas
216302,VISITA NO EFECTIVA,❌ No efectiva
21753,VISITA NO EFECTIVA,❌ No efectiva
217788,CERTIFICADO,✅ Cumplidas
2191218,NO CERTIFICADO,✅ Cumplidas
220726,NO CERTIFICADO,✅ Cumplidas
222246,CERTIFICADO,✅ Cumplidas
2230186,CERTIFICADO,✅ Cumplidas
226201,CERTIFICADO,✅ Cumplidas
229069,CERTIFICADO,✅ Cumplidas
2292026,CERTIFICADO,✅ Cumplidas
229968,CERTIFICADO,✅ Cumplidas
230154,CERTIFICADO,✅ Cumplidas
233108,CERTIFICADO,✅ Cumplidas
235487,NO CERTIFICADO,✅ Cumplidas
239784,NO CERTIFICADO,✅ Cumplidas
2421369,CERTIFICADO,✅ Cumplidas
242862,NO CERTIFICADO,✅ Cumplidas
2442674,NO CERTIFICADO,✅ Cumplidas
2457257,CERTIFICADO,✅ Cumplidas
246636,CERTIFICADO,✅ Cumplidas
249163,CERTIFICADO,✅ Cumplidas
249191,VISITA NO EFECTIVA,❌ No efectiva
2495468,VISITA NO EFECTIVA,❌ No efectiva
2497010,CERTIFICADO,✅ Cumplidas
2506379,NO CERTIFICADO,✅ Cumplidas
2506380,NO CERTIFICADO,✅ Cumplidas
2506392,CERTIFICADO,✅ Cumplidas
2506395,CERTIFICADO,✅ Cumplidas
2506399,CERTIFICADO,✅ Cumplidas
2506400,CERTIFICADO,✅ Cumplidas
2506406,CERTIFICADO,✅ Cumplidas
2506425,CERTIFICADO,✅ Cumplidas
250739,CERTIFICADO,✅ Cumplidas
2513319,CERTIFICADO,✅ Cumplidas
251372,CERTIFICADO,✅ Cumplidas
251487,CERTIFICADO,✅ Cumplidas
2517862,CERTIFICADO,✅ Cumplidas
2520958,CERTIFICADO,✅ Cumplidas
2522747,CERTIFICADO,✅ Cumplidas
252476,CERTIFICADO,✅ Cumplidas
2531474,CERTIFICADO,✅ Cumplidas
2531476,VISITA NO EFECTIVA,❌ No efectiva
2531477,VISITA NO EFECTIVA,❌ No efectiva
2531489,VISITA NO EFECTIVA,❌ No efectiva
2531495,VISITA NO EFECTIVA,❌ No efectiva
2531496,NO CERTIFICADO,✅ Cumplidas
2531500,VISITA NO EFECTIVA,❌ No efectiva
2531501,VISITA NO EFECTIVA,❌ No efectiva
2531504,VISITA NO EFECTIVA,❌ No efectiva
2531508,VISITA NO EFECTIVA,❌ No efectiva
2531509,CERTIFICADO,✅ Cumplidas
2531511,VISITA NO EFECTIVA,❌ No efectiva
2531512,VISITA NO EFECTIVA,❌ No efectiva
2531513,VISITA NO EFECTIVA,❌ No efectiva
2531521,VISITA NO EFECTIVA,❌ No efectiva
2531522,VISITA NO EFECTIVA,❌ No efectiva
253191,CERTIFICADO,✅ Cumplidas
2536425,NO CERTIFICADO,✅ Cumplidas
2537413,,! Pendiente
2537421,,! Pendiente
2537671,NO CERTIFICADO,✅ Cumplidas
2537854,CERTIFICADO,✅ Cumplidas
2539419,CERTIFICADO,✅ Cumplidas
254095,NO CERTIFICADO,✅ Cumplidas
2542340,CERTIFICADO,✅ Cumplidas
2542348,CERTIFICADO,✅ Cumplidas
2542353,CERTIFICADO,✅ Cumplidas
2542603,CERTIFICADO,✅ Cumplidas
2542620,CERTIFICADO,✅ Cumplidas
2543060,CERTIFICADO,✅ Cumplidas
2543677,CERTIFICADO,✅ Cumplidas
2547446,CERTIFICADO,✅ Cumplidas
254967,CERTIFICADO,✅ Cumplidas
255036,CERTIFICADO,✅ Cumplidas
2552138,NO CERTIFICADO,✅ Cumplidas
2553247,VISITA NO EFECTIVA,❌ No efectiva
2553313,CERTIFICADO,✅ Cumplidas
2555991,CERTIFICADO,✅ Cumplidas
2569127,NO CERTIFICADO,✅ Cumplidas
2570087,CERTIFICADO,✅ Cumplidas
257252,CERTIFICADO,✅ Cumplidas
2572996,NO CERTIFICADO,✅ Cumplidas
2573862,CERTIFICADO,✅ Cumplidas
2574363,CERTIFICADO,✅ Cumplidas
257462,CERTIFICADO,✅ Cumplidas
2574790,NO CERTIFICADO,✅ Cumplidas
2575459,CERTIFICADO,✅ Cumplidas
2581026,CERTIFICADO,✅ Cumplidas
2582777,CERTIFICADO,✅ Cumplidas
2583128,VISITA NO EFECTIVA,❌ No efectiva
2583732,NO CERTIFICADO,✅ Cumplidas
2586313,CERTIFICADO,✅ Cumplidas
2590311,NO CERTIFICADO,✅ Cumplidas
2591640,CERTIFICADO,✅ Cumplidas
259350,CERTIFICADO,✅ Cumplidas
259351,NO CERTIFICADO,✅ Cumplidas
2596269,CERTIFICADO,✅ Cumplidas
259687,CERTIFICADO,✅ Cumplidas
259750,CERTIFICADO,✅ Cumplidas
259918,CERTIFICADO,✅ Cumplidas
260086,CERTIFICADO,✅ Cumplidas
2602879,CERTIFICADO,✅ Cumplidas
260451,CERTIFICADO,✅ Cumplidas
260632,CERTIFICADO,✅ Cumplidas
261252,CERTIFICADO,✅ Cumplidas
262279,CERTIFICADO,✅ Cumplidas
26357,CERTIFICADO,✅ Cumplidas
263704,CERTIFICADO,✅ Cumplidas
264151,CERTIFICADO,✅ Cumplidas
264633,CERTIFICADO,✅ Cumplidas
265866,CERTIFICADO,✅ Cumplidas
265898,CERTIFICADO,✅ Cumplidas
265900,CERTIFICADO,✅ Cumplidas
266262,CERTIFICADO,✅ Cumplidas
266344,CERTIFICADO,✅ Cumplidas
266582,CERTIFICADO,✅ Cumplidas
266583,CERTIFICADO,✅ Cumplidas
267365,CERTIFICADO,✅ Cumplidas
269906,NO CERTIFICADO,✅ Cumplidas
269956,CERTIFICADO,✅ Cumplidas
271752,CERTIFICADO,✅ Cumplidas
271769,CERTIFICADO,✅ Cumplidas
272309,CERTIFICADO,✅ Cumplidas
272578,CERTIFICADO,✅ Cumplidas
273246,CERTIFICADO,✅ Cumplidas
273875,CERTIFICADO,✅ Cumplidas
273876,CERTIFICADO,✅ Cumplidas
274317,CERTIFICADO,✅ Cumplidas
274908,CERTIFICADO,✅ Cumplidas
2766422,NO CERTIFICADO,✅ Cumplidas
276817,NO CERTIFICADO,✅ Cumplidas
277812,CERTIFICADO,✅ Cumplidas
278091,CERTIFICADO,✅ Cumplidas
278173,CERTIFICADO,✅ Cumplidas
279874,CERTIFICADO,✅ Cumplidas
283461,VISITA NO EFECTIVA,❌ No efectiva
283462,VISITA NO EFECTIVA,❌ No efectiva
284465,CERTIFICADO,✅ Cumplidas
2846542,CERTIFICADO,✅ Cumplidas
286198,CERTIFICADO,✅ Cumplidas
287645,CERTIFICADO,✅ Cumplidas
2889827,NO CERTIFICADO,✅ Cumplidas
290404,CERTIFICADO,✅ Cumplidas
29166,VISITA NO EFECTIVA,❌ No efectiva
2931,CERTIFICADO,✅ Cumplidas
2990045,VISITA NO EFECTIVA,❌ No efectiva
2990772,CERTIFICADO,✅ Cumplidas
3026407,CERTIFICADO,✅ Cumplidas
3030,CERTIFICADO,✅ Cumplidas
3087861,CERTIFICADO,✅ Cumplidas
3102337,CERTIFICADO,✅ Cumplidas
310990,CERTIFICADO,✅ Cumplidas
3124490,VISITA NO EFECTIVA,❌ No efectiva
3128873,CERTIFICADO,✅ Cumplidas
3135372,CERTIFICADO,✅ Cumplidas
3163473,CERTIFICADO,✅ Cumplidas
3175577,CERTIFICADO,✅ Cumplidas
3175787,CERTIFICADO,✅ Cumplidas
3176134,CERTIFICADO,✅ Cumplidas
3177071,CERTIFICADO,✅ Cumplidas
3177072,CERTIFICADO,✅ Cumplidas
3177073,CERTIFICADO,✅ Cumplidas
3177074,CERTIFICADO,✅ Cumplidas
3177075,CERTIFICADO,✅ Cumplidas
3177076,CERTIFICADO,✅ Cumplidas
3178460,CERTIFICADO,✅ Cumplidas
3178524,CERTIFICADO,✅ Cumplidas
322501,CERTIFICADO,✅ Cumplidas
3244,CERTIFICADO,✅ Cumplidas
325011,CERTIFICADO,✅ Cumplidas
336015,CERTIFICADO,✅ Cumplidas
357689,VISITA NO EFECTIVA,❌ No efectiva
363548,VISITA NO EFECTIVA,❌ No efectiva
368663,VISITA NO EFECTIVA,❌ No efectiva
368795,CERTIFICADO,✅ Cumplidas
371704,VISITA NO EFECTIVA,❌ No efectiva
374815,VISITA NO EFECTIVA,❌ No efectiva
381981,CERTIFICADO,✅ Cumplidas
382218,VISITA NO EFECTIVA,❌ No efectiva
386322,CERTIFICADO,✅ Cumplidas
399241,CERTIFICADO,✅ Cumplidas
4030,CERTIFICADO,✅ Cumplidas
403951,CERTIFICADO,✅ Cumplidas
405339,CERTIFICADO,✅ Cumplidas
411187,CERTIFICADO,✅ Cumplidas
411321,CERTIFICADO,✅ Cumplidas
412798,CERTIFICADO,✅ Cumplidas
412938,CERTIFICADO,✅ Cumplidas
414209,VISITA NO EFECTIVA,❌ No efectiva
416293,VISITA NO EFECTIVA,❌ No efectiva
417724,VISITA NO EFECTIVA,❌ No efectiva
418617,CERTIFICADO,✅ Cumplidas
429005,CERTIFICADO,✅ Cumplidas
442942,CERTIFICADO,✅ Cumplidas
452529,CERTIFICADO,✅ Cumplidas
452547,CERTIFICADO,✅ Cumplidas
452821,CERTIFICADO,✅ Cumplidas
454226,VISITA NO EFECTIVA,❌ No efectiva
454274,CERTIFICADO,✅ Cumplidas
454380,,! Pendiente
454535,CERTIFICADO,✅ Cumplidas
454648,VISITA NO EFECTIVA,❌ No efectiva
456219,CERTIFICADO,✅ Cumplidas
458011,CERTIFICADO,✅ Cumplidas
462417,CERTIFICADO,✅ Cumplidas
465860,CERTIFICADO,✅ Cumplidas
469509,CERTIFICADO,✅ Cumplidas
471381,NO CERTIFICADO,✅ Cumplidas
474171,CERTIFICADO,✅ Cumplidas
475683,CERTIFICADO,✅ Cumplidas
476172,CERTIFICADO,✅ Cumplidas
476194,NO CERTIFICADO,✅ Cumplidas
478649,NO CERTIFICADO,✅ Cumplidas
479137,NO CERTIFICADO,✅ Cumplidas
480442,CERTIFICADO,✅ Cumplidas
481094,CERTIFICADO,✅ Cumplidas
483647,CERTIFICADO,✅ Cumplidas
484137,CERTIFICADO,✅ Cumplidas
485735,CERTIFICADO,✅ Cumplidas
486382,CERTIFICADO,✅ Cumplidas
487745,CERTIFICADO,✅ Cumplidas
490039,VISITA NO EFECTIVA,❌ No efectiva
493986,CERTIFICADO,✅ Cumplidas
494581,CERTIFICADO,✅ Cumplidas
497701,CERTIFICADO,✅ Cumplidas
497836,CERTIFICADO,✅ Cumplidas
498175,CERTIFICADO,✅ Cumplidas
499863,CERTIFICADO,✅ Cumplidas
500541,CERTIFICADO,✅ Cumplidas
500786,CERTIFICADO,✅ Cumplidas
500791,CERTIFICADO,✅ Cumplidas
501004,NO CERTIFICADO,✅ Cumplidas
501164,CERTIFICADO,✅ Cumplidas
501965,CERTIFICADO,✅ Cumplidas
504547,CERTIFICADO,✅ Cumplidas
506106,CERTIFICADO,✅ Cumplidas
507742,CERTIFICADO,✅ Cumplidas
507746,CERTIFICADO,✅ Cumplidas
508618,,! Pendiente
508715,CERTIFICADO,✅ Cumplidas
509408,CERTIFICADO,✅ Cumplidas
510369,CERTIFICADO,✅ Cumplidas
511334,CERTIFICADO,✅ Cumplidas
513497,CERTIFICADO,✅ Cumplidas
513513,VISITA NO EFECTIVA,❌ No efectiva
515004,CERTIFICADO,✅ Cumplidas
515514,CERTIFICADO,✅ Cumplidas
516415,CERTIFICADO,✅ Cumplidas
518013,NO CERTIFICADO,✅ Cumplidas
523583,CERTIFICADO,✅ Cumplidas
529621,CERTIFICADO,✅ Cumplidas
529693,CERTIFICADO,✅ Cumplidas
529813,CERTIFICADO,✅ Cumplidas
530888,CERTIFICADO,✅ Cumplidas
534860,CERTIFICADO,✅ Cumplidas
543799,CERTIFICADO,✅ Cumplidas
547305,CERTIFICADO,✅ Cumplidas
548103,CERTIFICADO,✅ Cumplidas
5677,CERTIFICADO,✅ Cumplidas
57156,CERTIFICADO,✅ Cumplidas
58668,CERTIFICADO,✅ Cumplidas
58814,CERTIFICADO,✅ Cumplidas
588439,CERTIFICADO,✅ Cumplidas
60707,CERTIFICADO,✅ Cumplidas
610158,VISITA NO EFECTIVA,❌ No efectiva
61599,CERTIFICADO,✅ Cumplidas
616402,NO CERTIFICADO,✅ Cumplidas
616415,CERTIFICADO,✅ Cumplidas
61940,CERTIFICADO,✅ Cumplidas
622868,CERTIFICADO,✅ Cumplidas
639944,CERTIFICADO,✅ Cumplidas
643712,CERTIFICADO,✅ Cumplidas
650083,CERTIFICADO,✅ Cumplidas
653007,CERTIFICADO,✅ Cumplidas
654653,NO CERTIFICADO,✅ Cumplidas
658535,CERTIFICADO,✅ Cumplidas
658809,VISITA NO EFECTIVA,❌ No efectiva
66819,CERTIFICADO,✅ Cumplidas
669711,NO CERTIFICADO,✅ Cumplidas
674236,CERTIFICADO,✅ Cumplidas
675498,CERTIFICADO,✅ Cumplidas
678577,CERTIFICADO,✅ Cumplidas
680714,VISITA NO EFECTIVA,❌ No efectiva
683093,CERTIFICADO,✅ Cumplidas
6838,CERTIFICADO,✅ Cumplidas
684206,CERTIFICADO,✅ Cumplidas
687804,CERTIFICADO,✅ Cumplidas
688823,CERTIFICADO,✅ Cumplidas
690376,CERTIFICADO,✅ Cumplidas
692532,CERTIFICADO,✅ Cumplidas
695988,CERTIFICADO,✅ Cumplidas
697210,CERTIFICADO,✅ Cumplidas
698572,CERTIFICADO,✅ Cumplidas
698909,NO CERTIFICADO,✅ Cumplidas
699171,VISITA NO EFECTIVA,❌ No efectiva
700883,CERTIFICADO,✅ Cumplidas
701222,CERTIFICADO,✅ Cumplidas
706814,CERTIFICADO,✅ Cumplidas
706838,CERTIFICADO,✅ Cumplidas
708993,NO CERTIFICADO,✅ Cumplidas
709003,CERTIFICADO,✅ Cumplidas
710505,CERTIFICADO,✅ Cumplidas
7156,CERTIFICADO,✅ Cumplidas
76169,VISITA NO EFECTIVA,❌ No efectiva
763810,CERTIFICADO,✅ Cumplidas
82367,CERTIFICADO,✅ Cumplidas
840445,CERTIFICADO,✅ Cumplidas
850393,VISITA NO EFECTIVA,❌ No efectiva
851261,CERTIFICADO,✅ Cumplidas
853307,CERTIFICADO,✅ Cumplidas
853736,CERTIFICADO,✅ Cumplidas
854851,CERTIFICADO,✅ Cumplidas
859450,CERTIFICADO,✅ Cumplidas
861358,CERTIFICADO,✅ Cumplidas
864158,CERTIFICADO,✅ Cumplidas
864188,CERTIFICADO,✅ Cumplidas
865113,CERTIFICADO,✅ Cumplidas
865451,CERTIFICADO,✅ Cumplidas
865501,CERTIFICADO,✅ Cumplidas
865633,NO CERTIFICADO,✅ Cumplidas
865639,CERTIFICADO,✅ Cumplidas
867568,CERTIFICADO,✅ Cumplidas
868288,CERTIFICADO,✅ Cumplidas
869273,CERTIFICADO,✅ Cumplidas
869894,NO CERTIFICADO,✅ Cumplidas
869955,CERTIFICADO,✅ Cumplidas
870837,CERTIFICADO,✅ Cumplidas
871362,CERTIFICADO,✅ Cumplidas
871416,CERTIFICADO,✅ Cumplidas
871715,CERTIFICADO,✅ Cumplidas
871796,CERTIFICADO,✅ Cumplidas
871799,CERTIFICADO,✅ Cumplidas
871820,CERTIFICADO,✅ Cumplidas
872201,NO CERTIFICADO,✅ Cumplidas
872975,CERTIFICADO,✅ Cumplidas
873311,CERTIFICADO,✅ Cumplidas
87526,CERTIFICADO,✅ Cumplidas
876187,NO CERTIFICADO,✅ Cumplidas
877836,NO CERTIFICADO,✅ Cumplidas
878425,VISITA NO EFECTIVA,❌ No efectiva
881193,CERTIFICADO,✅ Cumplidas
882010,CERTIFICADO,✅ Cumplidas
887155,CERTIFICADO,✅ Cumplidas
887871,CERTIFICADO,✅ Cumplidas
892527,CERTIFICADO,✅ Cumplidas
89559,CERTIFICADO,✅ Cumplidas
89590,CERTIFICADO,✅ Cumplidas
92625,CERTIFICADO,✅ Cumplidas
933166,CERTIFICADO,✅ Cumplidas
954061,CERTIFICADO,✅ Cumplidas
970829,CERTIFICADO,✅ Cumplidas
98126,CERTIFICADO,✅ Cumplidas
11144205814,EJECUTADA(cumple),✅ Cumplidas
1062306770,EJECUTADA(cumple),✅ Cumplidas
3179971,VISITA NO EFECTIVA,❌ No efectiva
1113513577,EJECUTADA(cumple),✅ Cumplidas
18394523,EJECUTADA(cumple),✅ Cumplidas
10366023688,EJECUTADA(cumple),✅ Cumplidas
16496699,EJECUTADA(cumple),✅ Cumplidas
1112222486,EJECUTADA(cumple),✅ Cumplidas
1116277375,EJECUTADA(cumple),✅ Cumplidas
2537795,Con Hallazgos,! Pendiente
738824,EJECUTADA(cumple),✅ Cumplidas
1016016255,EJECUTADA(cumple),✅ Cumplidas
6407642,EJECUTADA(cumple),✅ Cumplidas
1069746789,EJECUTADA(cumple),✅ Cumplidas
111209899,EJECUTADA(cumple),✅ Cumplidas
3178024,CERTIFICADO,✅ Cumplidas
1130630449,EJECUTADA(cumple),✅ Cumplidas
710224,CERTIFICADO,✅ Cumplidas
1234,VISITA NO EFECTIVA,❌ No efectiva
94391829,EJECUTADA(cumple),✅ Cumplidas
3175157,CERTIFICADO,✅ Cumplidas
1107092111,EJECUTADA(cumple),✅ Cumplidas
1144185342,EJECUTADA(cumple),✅ Cumplidas
318917,CERTIFICADO,✅ Cumplidas
1113667632,EJECUTADA(cumple),✅ Cumplidas
16793598,EJECUTADA(cumple),✅ Cumplidas
57439075,EJECUTADA(cumple),✅ Cumplidas
94537930,EJECUTADA(cumple),✅ Cumplidas
1230595,CERTIFICADO,✅ Cumplidas
29836,CERTIFICADO,✅ Cumplidas
1366513,CERTIFICADO,✅ Cumplidas
1107243,NO CERTIFICADO,✅ Cumplidas
1230170,CERTIFICADO,✅ Cumplidas
1356670,CERTIFICADO,✅ Cumplidas
14635461,EJECUTADA(cumple),✅ Cumplidas
1230722,CERTIFICADO,✅ Cumplidas
97436224,EJECUTADA(cumple),✅ Cumplidas
94418,CERTIFICADO,✅ Cumplidas
480362,CERTIFICADO,✅ Cumplidas
20281,NO CERTIFICADO,✅ Cumplidas
1147211,CERTIFICADO,✅ Cumplidas
1824335,CERTIFICADO,✅ Cumplidas
2202799,CERTIFICADO,✅ Cumplidas
517203,CERTIFICADO,✅ Cumplidas
578278,CERTIFICADO,✅ Cumplidas
2535579,CERTIFICADO,✅ Cumplidas
1923047,CERTIFICADO,✅ Cumplidas
696059,CERTIFICADO,✅ Cumplidas
373021,NO CERTIFICADO,✅ Cumplidas
1040495,CERTIFICADO,✅ Cumplidas
2305732,VISITA NO EFECTIVA,❌ No efectiva
1091576,CERTIFICADO,✅ Cumplidas
1230612,NO CERTIFICADO,✅ Cumplidas
1758669,VISITA NO EFECTIVA,❌ No efectiva
1105788,CERTIFICADO,✅ Cumplidas
3163945,CERTIFICADO,✅ Cumplidas
2520757,NO CERTIFICADO,✅ Cumplidas
244536,CERTIFICADO,✅ Cumplidas
705926,CERTIFICADO,✅ Cumplidas
1370845,CERTIFICADO,✅ Cumplidas
2506334,CERTIFICADO,✅ Cumplidas
480570,CERTIFICADO,✅ Cumplidas
3019909,CERTIFICADO,✅ Cumplidas
1373529,CERTIFICADO,✅ Cumplidas
1239422,CERTIFICADO,✅ Cumplidas
611721,CERTIFICADO,✅ Cumplidas
702177,CERTIFICADO,✅ Cumplidas
2422806,NO CERTIFICADO,✅ Cumplidas
2533905,CERTIFICADO,✅ Cumplidas
532831,CERTIFICADO,✅ Cumplidas
245466,CERTIFICADO,✅ Cumplidas
1233801,CERTIFICADO,✅ Cumplidas
290685,CERTIFICADO,✅ Cumplidas
1231596,CERTIFICADO,✅ Cumplidas
2431475,CERTIFICADO,✅ Cumplidas
283975,NO CERTIFICADO,✅ Cumplidas
414828,CERTIFICADO,✅ Cumplidas
13370,CERTIFICADO,✅ Cumplidas
656594,CERTIFICADO,✅ Cumplidas
870299,CERTIFICADO,✅ Cumplidas
2886674,CERTIFICADO,✅ Cumplidas
206210,CERTIFICADO,✅ Cumplidas
254865,CERTIFICADO,✅ Cumplidas
375248,CERTIFICADO,✅ Cumplidas
1809384,CERTIFICADO,✅ Cumplidas
16502252,EJECUTADA(cumple),✅ Cumplidas
3178731,CERTIFICADO,✅ Cumplidas
1123016,CERTIFICADO,✅ Cumplidas
1387633,CERTIFICADO,✅ Cumplidas
2920947,CERTIFICADO,✅ Cumplidas
1006053537,EJECUTADA(cumple),✅ Cumplidas
485081,CERTIFICADO,✅ Cumplidas
285804,VISITA NO EFECTIVA,❌ No efectiva
20062,CERTIFICADO,✅ Cumplidas
683673,CERTIFICADO,✅ Cumplidas
1690590,VISITA NO EFECTIVA,❌ No efectiva
710219,CERTIFICADO,✅ Cumplidas
1232120,CERTIFICADO,✅ Cumplidas
245073,VISITA NO EFECTIVA,❌ No efectiva
1360092,NO CERTIFICADO,✅ Cumplidas
473864,CERTIFICADO,✅ Cumplidas
538708,CERTIFICADO,✅ Cumplidas
457014,CERTIFICADO,✅ Cumplidas
265906,CERTIFICADO,✅ Cumplidas
1112961,CERTIFICADO,✅ Cumplidas
406099,VISITA NO EFECTIVA,❌ No efectiva
1824311,NO CERTIFICADO,✅ Cumplidas
1931099,CERTIFICADO,✅ Cumplidas
856541,CERTIFICADO,✅ Cumplidas
859539,CERTIFICADO,✅ Cumplidas
1805525,CERTIFICADO,✅ Cumplidas
503673,CERTIFICADO,✅ Cumplidas
871863,CERTIFICADO,✅ Cumplidas
1220470,,! Pendiente
1241480,CERTIFICADO,✅ Cumplidas
2542612,CERTIFICADO,✅ Cumplidas
2533681,CERTIFICADO,✅ Cumplidas
1695646,VISITA NO EFECTIVA,❌ No efectiva
1032051,CERTIFICADO,✅ Cumplidas
2498492,CERTIFICADO,✅ Cumplidas
281192,CERTIFICADO,✅ Cumplidas
1230591,CERTIFICADO,✅ Cumplidas
1117841,CERTIFICADO,✅ Cumplidas
367851,CERTIFICADO,✅ Cumplidas
865647,CERTIFICADO,✅ Cumplidas
2575986,CERTIFICADO,✅ Cumplidas
697408,CERTIFICADO,✅ Cumplidas
287085,NO CERTIFICADO,✅ Cumplidas
254861,CERTIFICADO,✅ Cumplidas
1874649,CERTIFICADO,✅ Cumplidas
2506321,CERTIFICADO,✅ Cumplidas
283186,CERTIFICADO,✅ Cumplidas
246201,CERTIFICADO,✅ Cumplidas
290457,CERTIFICADO,✅ Cumplidas
1096113,CERTIFICADO,✅ Cumplidas
1036501,CERTIFICADO,✅ Cumplidas
363426,VISITA NO EFECTIVA,❌ No efectiva
1805573,CERTIFICADO,✅ Cumplidas
479592,CERTIFICADO,✅ Cumplidas
1163640,CERTIFICADO,✅ Cumplidas
1868761,CERTIFICADO,✅ Cumplidas
12630,VISITA NO EFECTIVA,❌ No efectiva
1824235,CERTIFICADO,✅ Cumplidas
321554,CERTIFICADO,✅ Cumplidas
1101296,CERTIFICADO,✅ Cumplidas
264872,CERTIFICADO,✅ Cumplidas
2291999,CERTIFICADO,✅ Cumplidas
897779,NO CERTIFICADO,✅ Cumplidas
218332,CERTIFICADO,✅ Cumplidas
273227,CERTIFICADO,✅ Cumplidas
879833,CERTIFICADO,✅ Cumplidas
518404,CERTIFICADO,✅ Cumplidas
1219955,,! Pendiente
3160150,CERTIFICADO,✅ Cumplidas
2537252,VISITA NO EFECTIVA,❌ No efectiva
2575944,CERTIFICADO,✅ Cumplidas
261623,CERTIFICADO,✅ Cumplidas
1806918,CERTIFICADO,✅ Cumplidas
284648,CERTIFICADO,✅ Cumplidas
605423,CERTIFICADO,✅ Cumplidas
2567990,CERTIFICADO,✅ Cumplidas
498122,CERTIFICADO,✅ Cumplidas
288512,CERTIFICADO,✅ Cumplidas
227773,CERTIFICADO,✅ Cumplidas
1223954,CERTIFICADO,✅ Cumplidas
879802,VISITA NO EFECTIVA,❌ No efectiva
462450,CERTIFICADO,✅ Cumplidas
1091383,CERTIFICADO,✅ Cumplidas
2506345,CERTIFICADO,✅ Cumplidas
500312,CERTIFICADO,✅ Cumplidas
1356126,CERTIFICADO,✅ Cumplidas
1900517,NO CERTIFICADO,✅ Cumplidas
266768,NO CERTIFICADO,✅ Cumplidas
1116126,CERTIFICADO,✅ Cumplidas
1913945,NO CERTIFICADO,✅ Cumplidas
1367628,VISITA NO EFECTIVA,❌ No efectiva
9001,CERTIFICADO,✅ Cumplidas
1920277,CERTIFICADO,✅ Cumplidas
656370,CERTIFICADO,✅ Cumplidas
213793,CERTIFICADO,✅ Cumplidas
1868792,CERTIFICADO,✅ Cumplidas
3156065,CUMPLE,! Pendiente
412122,PROGRAMADA,! Pendiente
412519,PROGRAMADA,! Pendiente
534685,PROGRAMADA,! Pendiente
267311,CERTIFICADO,✅ Cumplidas
505024,PROGRAMADA,! Pendiente
460569,PROGRAMADA,! Pendiente
626525,PROGRAMADA,! Pendiente
680704,PROGRAMADA,! Pendiente
488545,PROGRAMADA,! Pendiente
1824228,CERTIFICADO,✅ Cumplidas
254863,CERTIFICADO,✅ Cumplidas
1252598,,! Pendiente
1105740,CERTIFICADO,✅ Cumplidas
1222465,VISITA NO EFECTIVA,❌ No efectiva
508468,CERTIFICADO,✅ Cumplidas
366749,CERTIFICADO,✅ Cumplidas
334244,CERTIFICADO,✅ Cumplidas
1106573,NO CERTIFICADO,✅ Cumplidas
380819,CERTIFICADO,✅ Cumplidas
232921,VISITA NO EFECTIVA,❌ No efectiva
264168,CERTIFICADO,✅ Cumplidas
1357043,CERTIFICADO,✅ Cumplidas
562282,CERTIFICADO,✅ Cumplidas
246973,CERTIFICADO,✅ Cumplidas
2544962,PROGRAMADA,! Pendiente
480614,CERTIFICADO,✅ Cumplidas
505962,CERTIFICADO,✅ Cumplidas
225192,CERTIFICADO,✅ Cumplidas
874409,CERTIFICADO,✅ Cumplidas
539575,CERTIFICADO,✅ Cumplidas
420190,CERTIFICADO,✅ Cumplidas
1353733,CERTIFICADO,✅ Cumplidas
1359886,VISITA NO EFECTIVA,❌ No efectiva
271273,CERTIFICADO,✅ Cumplidas
2567737,CERTIFICADO,✅ Cumplidas
517257,CERTIFICADO,✅ Cumplidas
3163808,VISITA NO EFECTIVA,❌ No efectiva
271398,CERTIFICADO,✅ Cumplidas
684723,CERTIFICADO,✅ Cumplidas
927333,CERTIFICADO,✅ Cumplidas
235789,CERTIFICADO,✅ Cumplidas
2534185,CERTIFICADO,✅ Cumplidas
700540,CERTIFICADO,✅ Cumplidas
1050687,CERTIFICADO,✅ Cumplidas
1352483,CERTIFICADO,✅ Cumplidas
1043271,VISITA NO EFECTIVA,❌ No efectiva
1202957,CERTIFICADO,✅ Cumplidas
464866,NO CERTIFICADO,✅ Cumplidas
882533,CERTIFICADO,✅ Cumplidas
10916122,CERTIFICADO,✅ Cumplidas
1238663,VISITA NO EFECTIVA,❌ No efectiva
439795,CERTIFICADO,✅ Cumplidas
697077,CERTIFICADO,✅ Cumplidas
1256309,,! Pendiente
1041418,VISITA NO EFECTIVA,❌ No efectiva
2506352,CERTIFICADO,✅ Cumplidas
489012,CERTIFICADO,✅ Cumplidas
283016,CERTIFICADO,✅ Cumplidas
2563162,NO CERTIFICADO,✅ Cumplidas
1920275,CERTIFICADO,✅ Cumplidas
270933,CERTIFICADO,✅ Cumplidas
2461104,VISITA NO EFECTIVA,❌ No efectiva
1340863,CERTIFICADO,✅ Cumplidas
475947,CERTIFICADO,✅ Cumplidas
612129,VISITA NO EFECTIVA,❌ No efectiva
259313,CERTIFICADO,✅ Cumplidas
1220150,CERTIFICADO,✅ Cumplidas
13780,CERTIFICADO,✅ Cumplidas
1070610,CERTIFICADO,✅ Cumplidas
259715,CERTIFICADO,✅ Cumplidas
412800,CERTIFICADO,✅ Cumplidas
534955,CERTIFICADO,✅ Cumplidas
666764,CERTIFICADO,✅ Cumplidas
3135476,CERTIFICADO,✅ Cumplidas
918541,VISITA NO EFECTIVA,❌ No efectiva
2506319,NO CERTIFICADO,✅ Cumplidas
1834132,CERTIFICADO,✅ Cumplidas
1243272,VISITA NO EFECTIVA,❌ No efectiva
630624,VISITA NO EFECTIVA,❌ No efectiva
861883,CERTIFICADO,✅ Cumplidas
665528,CERTIFICADO,✅ Cumplidas
514452,CERTIFICADO,✅ Cumplidas
539573,NO CERTIFICADO,✅ Cumplidas
704158,NO CERTIFICADO,✅ Cumplidas
859171,CERTIFICADO,✅ Cumplidas
482199,CERTIFICADO,✅ Cumplidas
84794,VISITA NO EFECTIVA,❌ No efectiva
498694,CERTIFICADO,✅ Cumplidas
701820,CERTIFICADO,✅ Cumplidas
224202,CERTIFICADO,✅ Cumplidas
1117189,CERTIFICADO,✅ Cumplidas
1220057,,! Pendiente
1363134,VISITA NO EFECTIVA,❌ No efectiva
1219066,CERTIFICADO,✅ Cumplidas
403900,VISITA NO EFECTIVA,❌ No efectiva
1229172,VISITA NO EFECTIVA,❌ No efectiva
1115199,CERTIFICADO,✅ Cumplidas
1225081,NO CERTIFICADO,✅ Cumplidas
538627,CERTIFICADO,✅ Cumplidas
1824367,CERTIFICADO,✅ Cumplidas
514101,CERTIFICADO,✅ Cumplidas
1106687,CERTIFICADO,✅ Cumplidas
283440,CERTIFICADO,✅ Cumplidas
470040,NO CERTIFICADO,✅ Cumplidas
1116125,NO CERTIFICADO,✅ Cumplidas
1216491,VISITA NO EFECTIVA,❌ No efectiva
9729,CERTIFICADO,✅ Cumplidas
274629,CERTIFICADO,✅ Cumplidas
253447,NO CERTIFICADO,✅ Cumplidas
1328989,VISITA NO EFECTIVA,❌ No efectiva
569752,CERTIFICADO,✅ Cumplidas
509612,CERTIFICADO,✅ Cumplidas
1249531,CERTIFICADO,✅ Cumplidas
260493,CERTIFICADO,✅ Cumplidas
488821,VISITA NO EFECTIVA,❌ No efectiva
3163965,CERTIFICADO,✅ Cumplidas
1093960,CERTIFICADO,✅ Cumplidas
491126,,! Pendiente
872245,CERTIFICADO,✅ Cumplidas
1266893,VISITA NO EFECTIVA,❌ No efectiva
693814,CERTIFICADO,✅ Cumplidas
616300,,! Pendiente
